T49311134/TSK,ｵｰﾅｰｽﾞ株式OP,G11600,東京海上･ジャパン･オーナーズ株式オープン,
T47313179/TSK,厳選ｼﾞｬﾊﾟﾝ,G12658  ,厳選ジャパン,
T47313162/TSK,眼力,G12100,企業価値成長小型株ファンド,
T80311083/TSK,厳選投資,G06761,スパークス･新･国際優良日本株ファンド,
T0131J136/TSK,日株Mﾍﾟｿ年2,G09299,野村通貨選択日本株投信(メキシコペソ)年２,
T01319136/TSK,日株Mﾍﾟｿ毎,G09299,野村通貨選択日本株投信(メキシコペソ)毎月,
T45311135/TSK,いざ！日本株,G09252,日本株・市場リスクコントロールファンド,
T10311138/TSK,ﾀﾞﾌﾞﾙｳｨﾝ,G09374,Ｔ＆Ｄ日本株式投信（通貨選択型）米ドル,
T22311163/TSK,ひとくふう,G11577,ひとくふう日本株式ファンド,
T01316155/TSK,もてなし米$,G11130,野村サービス関連株ファンド(米ドルコース),
T47311139/TSK,ﾘｽｸｺﾝﾄﾛｰﾙOP,G09447,日経２２５リスクコントロールオープン,
T8031100A/TSK,ﾗｲｼﾞﾝｸﾞ･ｻﾝ,G01461,ジャパン・スモール・キャップ・ファンド,
T4531516A/TSK,みんなのﾁｶﾗ,G12279,好循環社会促進日本株ファンド,
T47311007/TSK,ﾏﾈｯｸｽ･日本,G11822,マネックス・日本成長株ファンド,
T80311071/TSK,華咲く中小型,G05247,Ｍ＆Ｓ・ジャパン・ファンド,
T01314159/TSK,JPｱｸﾃｨﾌﾞ分配,G11284,ジャパン･アクティブ･グロース(分配型),
T09312053/TSK,好配当ﾘﾊﾞﾗ,G11284,ジャパン･アクティブ･グロース(分配型),
T01315159/TSK,JPｱｸﾃｨﾌﾞ資成,G11284,ジャパン･アクティブ･グロース(資産成長型),
T47314138/TSK,風物語,G12051,新光日本小型株ファンド,
T47313042/TSK,波物語,G11986,新光小型株オープン,
T09311168/TSK,株ﾃｰﾏｾﾚｸｼｮﾝ,G12118,日本株テーマセレクション,
T89311174/TSK,日本ｱｼﾞｱﾌｨﾝﾃ,G12488,ＳＢＩ日本・アジアフィンテック株式Ｆ,
T0931115C/TSK,日本連続増配,G11416,日本連続増配成長株オープン,
T02311136/TSK,RS日本株式F,G09263,ＲＳ日本株式ファンド,
T04315136/TSK,日本ｽﾄﾗα米,G09268,日本株ストラテジーα 米ドル（毎月）,
T09311058/TSK,絆(きずな),G04511,日本ＳＲＩオープン,
T29311084/TSK,ﾆｯｾｲ健康応援,G06856,ニッセイ健康応援ファンド,
T4531199A/TSK,ｼｸﾞﾅ日本株,G06856,ニッセイ健康応援ファンド,
T10311144/TSK,JPXﾀﾞﾌﾞﾙｳｨﾝ,G10342,ＪＰＸ日経４００投信(通貨選択)米ドル,
T45311987/TSK,むぎわら,G03110,損保ジャパン日本株オープン,
T5931106C/TSK,しんきんSRI,G05179,しんきんＳＲＩファンド,
T47312002/TSK,J-ﾌﾛﾝﾃｨｱ,G11819,ＭＨＡＭ新興成長株オープン,
T29311002/TSK,生活3C,G01258,ニッセイ日本株グロースオープン,
T4531113C/TSK,好配OP年1,G10179,みずほ好配当日本株オープン(年１回決算型),
T02311085/TSK,ｼﾞｬﾊﾟﾝ高配当,G06907,日興ジャパン高配当株式ファンド,
T80311005/TSK,ﾋﾞｯｸﾞｳｪｲﾌﾞ21,G01356,スパークス・ジャパン・エクイティ・Ｆ,
T45311062/TSK,株式時代,G04802,好配当ジャパン・オープン,
T45311056/TSK,みずほ好配,G07407,みずほ好配当日本株オープン,
T04311052/TSK,ﾀﾞｲﾜ隆晴,G04290,ダイワ隆晴（日本株式オープン）,
T03311125/TSK,好配当優良株,G10986,好配当優良株ジャパン・オープン,
T47315137/TSK,ｽﾄﾗﾃｼﾞｰ Mﾍﾟｿ,G09329,アクティブ･ストラテジー(通貨選)Ｍペソ,
T80311045/TSK,ｽﾊﾟｰｸｽ･ｼﾞｬ,G03983,スパークス・ジャパン・オープン,
T03313063/TSK,ｼﾞｬﾊﾟﾝ株式3M,G10967,ジャパン株式インカム（３ヵ月決算型）,
T80311044/TSK,ｽﾊﾟｰｸｽ･ｱｸﾃｨﾌ,G03975,スパークス・アクティブ・ジャパン,
T9Y31813A/TSK,成長への道,G10010,２１世紀東京　日本株式ファンド,
T47313067/TSK,瀬戸内応援団,G12003,瀬戸内４県ファンド,
T47311769/TSK,株式 ｵｰﾌﾟﾝ,G11808,ＭＨＡＭ株式オープン,
T01313166/TSK,野村継続日株,G11752,野村継続増配日本株,
T45311092/TSK,日本株ﾉｰﾛｰﾄﾞ,G07407,みずほ好配当日本株オープン(ノーロード型),
T03311835/TSK,ｼｽﾃﾑ ｵｰﾌﾟﾝ,G10958,システム・オープン,
T47311002/TSK,出世株,G01260,ＤＩＡＭ成長株オープン,
T47312139/TSK,新興企業米$,G09491,ＤＩＡＭ新興企業日本株オープン　米ドル型,
T42311166/TSK,日本選抜,G11761,ｉＴｒｕｓｔ日本株式,
T22312165/TSK,ﾌﾟﾚﾐｱｼﾞｬﾊﾟﾝ,G11691,日本高配当株フォーカス(プレミアジャパン,
T58311006/TSK,ﾊﾞﾘｭｰ&ｸﾞﾛｰ,G01374,りそな・バリュー＆グロース,
T29311174/TSK,ｼﾞｬﾊﾟﾝAI革命,G12506,ニッセイ・ジャパンＡＩ関連株式ファンド,
T2931214C/TSK,お財布F株式,G10734,乙女のお財布ファンド（株式型）,
T01311902/TSK,ｽｰﾊﾟｰ ﾄﾚﾝﾄ,G02290,スーパートレンドオープン,
T10312137/TSK,ﾀﾞﾌﾞﾙ･ｲﾝﾊﾟｸﾄ,G09295,Ｔ＆Ｄ日本株ファンド(通貨選択)米ドル建て,
T68311997/TSK,ｸｵﾝﾂ日本株,G01105,朝日ライフクオンツ日本株オープン,
T0231396C/TSK,日本新興株OP,G01705,日本新興株オープン,
T01312155/TSK,企業価値米$,G11117,野村日本企業価値向上オープン(米ドル投資),
T47314135/TSK,ｸｰﾙ･ｼﾞｬﾊﾟﾝ,G12048,海外消費関連日本株ファンド,ピクピクテ日本ナンバーワン・Ｆ（毎月分配型）テ日本ナンバーワン・Ｆ（毎月分配型）
T42311091/TSK,NO.1,G07367,ピクテ日本ナンバーワン・Ｆ（毎月分配型）,
T40313053/TSK,誠実の杜,G04312,りそな ジャパンＣＳＲファンド,
T04312136/TSK,日本ｽﾄﾗα円,G09268,日本株ストラテジーα 日本円（毎月）,
T59312028/TSK,好配当利回,G04847,しんきん好配当利回り株ファンド,
T2031398C/TSK,日本株式,G01748,シュローダー日本株式オープン,
T10311996/TSK,RAO,G01107,大同リサーチ＆アクティブオープン,
T04311153/TSK,椿,G10847,女性活躍応援ファンド,
T58311138/TSK,Rのﾁｶﾗ･ｵｰﾌﾟﾝ,G09347,りそな日本株リサーチ戦略Ｆ（オープン型,
T2931101C/TSK,日本株ﾌｧﾝﾄ,G03205,ニッセイ日本株ファンド,
T01315141/TSK,ﾒｷｼｺﾍﾟｿ年2,G07473,日本ブランド株投資(メキシコペソ)年２,
T01313141/TSK,ﾒｷｼｺﾍﾟｿ毎,G07473,日本ブランド株投資(メキシコペソ)毎月,
T47311057/TSK,日本ｲﾝｶﾑ3M,G11995,新光日本インカム株式ファンド(３ヵ月決算),
T35311156/TSK,日株FG毎月,G11148,ＧＳ 日本フォーカス・グロース 毎月決算,
T85311136/TSK,ﾆｯﾎﾟﾝの輝,G09246,日本復活成長株ファンド,
T4931108C/TSK,ﾀﾞｲﾔｾﾚｸﾄ日株,G07270,ダイヤセレクト日本株オープン,
T29312066/TSK,日本勝ち組3M,G04949,ニッセイ日本勝ち組ファンド(３ヵ月決算型),
T35312156/TSK,日株FG年2,G04949,ＧＳ 日本フォーカス・グロース 年２回決算,
T29311098/TSK,勝ち組毎月,G07612,ニッセイ日本勝ち組ファンド（毎月判定型）,
T29311033/TSK,日本勝ち組,G03576,ニッセイ　日本勝ち組ファンド,
T4731306A/TSK,配当生活,G11856,ＭＨＡＭ日本好配当株オープン,
T64312057/TSK,配当物語,G04493,ニュー配当利回り株オープン,
T01311054/TSK,日本好配当,G04357,日本好配当株投信,
T01311056/TSK,好配当ﾆｯﾎﾟ,G04436,好配当日本株式オープン,
T03315013/TSK,ﾌﾟﾛﾌｪｯｻｰ,G02633,三菱ＵＦＪ システムバリューオープン,
T59311063/TSK,四季絵巻,G04847,しんきん好配当利回り株Ｆ(３ヵ月決算型,
T35311141/TSK,株ﾌﾟﾗ米ﾄﾞﾙ,G10230,ＧＳ日本株・プラス（米ドルコース）,
T64311108/TSK,生きもの語り,G08030,生物多様性企業応援ファンド,
T01313159/TSK,関西の未来,G11283,関西応援ファンド,
T47313137/TSK,ｽﾄﾗﾃｼﾞｰ 米$,G09329,アクティブ･ストラテジー(通貨選)米ドル,
T32311066/TSK,日本･ｱｼﾞｱ成,G04978,フィデリティ・日本・アジア成長株投信,
T0331304C/TSK,ﾌｧﾐﾘｰ･ﾌﾚﾝﾄ,G04180,三菱ＵＦＪ ＳＲＩファンド,
T02311998/TSK,ｴｺﾌｧﾝﾄﾞ,G01146,日興エコファンド,
T47311009/TSK,ﾃﾞｨｰﾌﾟﾊﾞﾘｭ,G11938,ディープバリュー株オープン,
T18311062/TSK,株小町,G04783,インベスコ　女性力フォーカス日本株式Ｆ,
T0131107B/TSK,ﾌｫｰｶｽｼﾞｬﾊﾟﾝ,G05607,野村バリュー・フォーカス・ジャパン,
T01311007/TSK,ｽﾄﾗﾃｼﾞｯｸ･,G01389,ストラテジック・バリュー・オープン,
T45312053/TSK,未来のちから,G04323,損保ジャパンＳＲＩオープン,
T02311002/TSK,ｸｵﾝﾂ･ｱｸﾃｨﾌ,G01265,日興クオンツ・アクティブ・ジャパン,
T01311151/TSK,ｽﾄﾗﾃﾊﾞﾘｭｰ,G10775,ジャパン・ストラテジック・バリュー,
T4731399A/TSK,日本成長株,G11817,ＭＨＡＭ日本成長株オープン,
T0931114A/TSK,未来図米ﾄﾞﾙ,G10624,日本の未来図（米ドル投資型）,
T3531197C/TSK,GS日本株ﾌｧ,G12149,ゴールドマン・サックス日本株ファンド,
T03313009/TSK,ﾊﾞﾘｭｰｵｰﾌﾟﾝ,G01455,三菱ＵＦＪ バリューオープン,
T3531298C/TSK,牛若丸(自,G02414,ＧＳ日本株ファンド（自動けいぞく,
T3231116A/TSK,日本配当成成,G05401,フィデリティ日本配当成長株Ｆ(資産成長型),
T47311042/TSK,きらめき,G03875,きらめきジャパン,
T0431F139/TSK,利回り米$年4,G09509,利回り株チャンス　米ドル型(年４回決算型),
T3231115B/TSK,日本ROEﾌｫｰｶｽ,G11381,フィデリティ･日本ＲＯＥフォーカス･Ｆ,
T32313059/TSK,日本配当成分,G04575,フィデリティ日本配当成長株Ｆ（分配重視）,
T32311076/TSK,日本配当成長,G05401,フィデリティ・日本配当成長株投信,
T1831295B/TSK,ｼﾞｬﾊﾟﾝNWﾌﾛ,G02043,インベスコジャパンニューフロンティアＯＰ,
T32311004/TSK,日本優良株,G01315,日本優良株・ファンド,
T10311143/TSK,ROE(ﾛｴ),G10322,ＲＯＥ日本株ファンド,
T1731101C/TSK,JPM日本株O,G03120,ＪＰＭ日本株・オープン,
T0131M154/TSK,企業価値向上,G10920,日本企業価値向上ファンド（限定追加型）,
T22312021/TSK,ﾏｰｹｯﾄ･ｺｰｽ,G03219,マーケット・コース（ヘッジなし）,
T01311155/TSK,企業価値円,G11117,野村日本企業価値向上オープン(円投資),
TAB31114B/TSK,MASAMITSU,G10632,ＭＡＳＡＭＩＴＳＵ日本株戦略ファンド,
T4531416A/TSK,ﾊﾞﾘｭｰ･ﾏｲｽﾀｰ,G12280,ＳＯＭＰＯ日本株バリュー・プラスファンド,
T09312144/TSK,ｽﾏｰﾄｼﾞｬﾊﾟﾝ米,G10354,日本優良成長株オープン（米ドル投資型）,
T10311137/TSK,ﾀﾞﾌﾞﾙ･ｲﾝﾊﾟｸﾄ,G09295,Ｔ＆Ｄ日本株ファンド(通貨選択)円建て,
T2231115C/TSK,ｼﾞｬﾊﾟｸｵ予想,G11427,日本消費関連株ファンド(予想分配金提示型),
T04311025/TSK,成長株ｵｰﾌﾟ,G03322,ダイワ成長株オープン,
T03311056/TSK,好配当利回,G04404,日本好配当利回り株オープン(３ヵ月決算型),
T0231Q01A/TSK,つみたてJｸﾞﾛ,G03078,年金積立 Ｊグロース,
T02311916/TSK,Ｊｸﾞﾛｰｽ,G01716,利益還元成長株オープン,
T47311982/TSK,ﾊｲﾌﾞﾘｯﾄﾞ･ｾ,G01621,ハイブリッド・セレクション,
T1731198A/TSK,JPM日本株ｱｸ,G01565,ＪＰＭ日本株・アクティブ・オープン,
T3531105A/TSK,ｲﾝﾌﾟﾗ,G04600,ＧＳ日本株式インデックス・プラス,
T0131197C/TSK,ｼﾞｬﾊﾟﾝ･ﾊﾞﾘｭｰ,G02272,ノムラ・ジャパン・バリュー・オープン,
T04311024/TSK,静岡ﾍﾞﾝﾁﾏｰ,G03309,静岡ベンチマーク・ファンド,
T03311062/TSK,好配日株,G04791,三菱ＵＦＪ 好配当日本株Ｆ(２ヵ月決算型),
T2231215C/TSK,ｼﾞｬﾊﾟｸｵ資成,G11428,日本消費関連株ファンド(資産成長型),
T47311003/TSK,日本株式,G11865,ＭＨＡＭ日本株式,
T5031113C/TSK,日本株ﾘｽｸF,G10096,日興ＵＢＳ日本株式リスクコントロールＦ,
T01311043/TSK,ﾏｽﾀｰｽﾞ小型株,G03917,ノムラファンドマスターズ日本小型株,
T01311002/TSK,BigProject-N,G01240,ノムラ日本株戦略ファンド,
T9W311151/TSK,未来のゆめ,G10756,ちゅうぎん日本大型株アクティブファンド,
T0931105B/TSK,経営進化論,G04684,日本バリュースターオープン,
T8031114C/TSK,対話の力,G10621,日本株式スチュワードシップ・ファンド,
T29312152/TSK,JPXﾌﾟﾚﾐｱﾑ,G10795,ＪＰＸ日経４００アクティブ･プレ･ＯＰ毎月,
T64318056/TSK,四季の実り,G08654,日本株配当オープン,
T0331311I/TSK,割安株ｼﾞｬﾊﾟﾝ,G10982,割安株ジャパン・オープン,
T47312135/TSK,新興企業日本,G09242,ＤＩＡＭ新興企業日本株ファンド,
T35311177/TSK,ﾋﾞｯｸﾞｽﾄﾗﾃ日,G09242,ＧＳビッグデータ・ストラテジー（日本株）,
T35311066/TSK,株ﾌﾟﾗ円,G04891,ＧＳ日本株・プラス（円コース,
T02311988/TSK,ｼﾞｬﾊﾟﾝｵｰﾌﾟ,G01708,日興ジャパンオープン,
T03317003/TSK,日本株ｲﾝｶﾑ,G0129,日本株インカムＦ,
T22313997/TSK,日本ﾊﾞﾘｭｰ,G01122,大和住銀日本バリュー株ファンド,
T01311962/TSK,ﾉﾑﾗ･ｼﾞｬﾊﾟﾝ,G02270,ノムラ・ジャパン・オープン,
T0231100C/TSK,投資力学,G01500,日興アクティブ・ダイナミクス,
T47311161/TSK,挑戦者たち,G11513,未来変革日本株ファンド,
T2231100B/TSK,海のくに,G01481,大和住銀日本グロース株ファンド,
T17311137/TSK,ｼﾞｬﾊﾟﾝﾏｲｽﾀｰ,G09308,ＪＰＭジャパンマイスター,
T17311154/TSK,ｼﾞｬﾊﾟﾝﾌﾟﾗｲﾑ,G10913,ＪＰＭジャパンプライム,
T47311068/TSK,ﾄﾗｲｱﾝｸﾞﾙ,G05024,みずほ日本株アクティブ･オープン,
T0231197A/TSK,日興ｱｸﾃｨﾌﾞ,G01668,日興アクティブバリュー,
T17313143/TSK,ﾃﾞｨｽｶﾊﾞﾘｰ･F,G10330,日興ＪＰＭ日本ディスカバリー・ファンド,
T29311997/TSK,ﾆｯｾｲ日本株,G01117,ニッセイ日本株オープン,
T42311995/TSK,ﾔﾏﾄ,G01075,ピクテ・ニッポン・グロース・ファンド,
T1731108B/TSK,JPMﾌｫｰｶｽ,G07261,ＪＰＭジャパン・フォーカス・ファンド,
T49311026/TSK,東海3県F,G03596,東海３県ファンド,
T0931214A/TSK,未来図円,G10624,日本の未来図（円投資型）,
T2931315A/TSK,日経225ｱｸ3M,G11360,日経２２５アクティブファンド(３ヵ月決算),
T2931415A/TSK,日経225ｱｸ資,G11361,日経２２５アクティブファンド(資産成長),
T32311022/TSK,日本ﾊﾞﾘｭｰ･,G03266,フィデリティ・日本バリュー・ファンド,
T0131103A/TSK,ﾘｱﾙｸﾞﾛｰｽ,G03776,野村リアルグロース・オープン,
T10311962/TSK,ｱｸﾃｨﾌﾞﾊﾞﾘｭ,G03776,アクティブ　バリュー　オープン,
T12313007/TSK,雷,G08110,日本株バリューアップ・セレクト１００,
T03311001/TSK,ｴｺ･ﾊﾟｰﾄﾅｰｽ,G01231,エコ・パートナーズ,
T04311057/TSK,日本好配当,G04470,ダイワ日本好配当株ファンド,
T47312137/TSK,ｽﾄﾗﾃｼﾞｰ 円,G09329,アクティブ･ストラテジー(通貨選)円,
T7931603B/TSK,ﾄﾖﾀｸﾞﾙｰﾌﾟ,G09113,トヨタグループ株式ファンド,
T47311004/TSK,ﾌﾞﾗﾝﾄﾞｴｸｲﾃ,G11936,ブランドエクイティ,
T0131392A/TSK,ﾘｻｰﾁ･ｱｸﾃｨﾌﾞ,G02269,リサーチ・アクティブ・オープン,
T01311126/TSK,日本株円毎,G08807,日本高配当株プレミアム(円)毎月,
T01311098/TSK,日本真小型株,G07592,野村日本真小型株投信,
T02311059/TSK,ｶﾌﾞﾁｮﾌｧﾝﾄﾞ,G04572,株ちょファンド日本(高配当･割安･成長),
T42313139/TSK,日本株DX,G09513,ピクテ日本厳選株アルファ･プラス 米ドル,
T09312136/TSK,新経済成長,G09293,新経済成長ジャパン,
T04313002/TSK,新経済大国,G01259,新経済大国日本,
T12311165/TSK,匠のワザ,G11695,成長応援日本株ファンド,
T01313126/TSK,日本株円年2,G08807,日本高配当株プレミアム(円)年２,
T29311163/TSK,JPX日経400資,G11581,ＪＰＸ日経４００アクティブＦ(資産成長型),
T29311142/TSK,JPX日経400,G11581,ニッセイＪＰＸ日経４００アクティブＦ,
T93311092/TSK,ｷｬﾋﾟﾀﾙ日本株,G11481,キャピタル日本株式ファンド,
T09311019/TSK,日本新生F,G02982,日本新生ファンド,
T09313144/TSK,ｽﾏｰﾄｼﾞｬﾊﾟﾝ円,G10354,日本優良成長株オープン（円投資型）,
T02311054/TSK,ｷｬｯｼｭﾘｯﾁ･F,G04346,日興キャッシュリッチ・ファンド,
T29311152/TSK,JPXｼﾞｬｽﾄ,G10795,ＪＰＸ日経４００アクティブＯＰ米ドル投資,
T29312173/TSK,JPX日経中小,G12477,ニッセイＪＰＸ日経中小型株アクティブＦ,
T64311159/TSK,ﾋﾞｼﾞｯﾄｼﾞｬﾊﾟﾝ,G11278,インバウンド関連日本株ファンド,
T4731399C/TSK,日本株ｵｰﾌﾟ,G11935,日本株オープン新潮流,
T17313124/TSK,ﾃﾞｨｽｶﾊﾞﾘｰ･F,G08729,日興ＪＰＭアジア･ディスカバリー･ファンド,
T02312161/TSK,ｼﾞｬﾊﾟﾝ･ﾛﾎﾞY2,G11511,ジャパン･ロボティクス株式ファンド(年２),
T22311155/TSK,長州五傑,G11098,ＹＭ・ジャパン・イノベーション・オープン,
T02311161/TSK,ｼﾞｬﾊﾟﾝ･ﾛﾎﾞ1Y,G11512,ジャパン･ロボティクス株式ファンド(１年),
T47311122/TSK,割安日本株F,G08615,ＤＩＡＭ割安日本株ファンド,
T47311008/TSK,国内株ｵｰﾌﾟ,G01428,ＤＩＡＭ国内株オープン,
T47313989/TSK,ｼﾞｬﾊﾟﾝﾆｭｰｴ,G11943,ジャパンニューエイジオープン,
T04314163/TSK,北の夢切符,G11570,北海道未来の夢創生ファンド,
T04314065/TSK,金融新時代,G04941,ダイワ金融新時代ファンド,
T4731213C/TSK,割安日本株Y1,G10151,ＤＩＡＭ割安日本株ファンド(年１回決算型),
T0931110C/TSK,地球視点,G08231,日本ニューテクノロジー・オープン,
T04311144/TSK,ﾗｲｼﾞﾝｸﾞJ,,ニッポン応援Ｆ?ライジング・ジャパン?,
T03314003/TSK,日本株ﾊﾞﾘｭｰ,,日本株バリューＦ,
T01312141/TSK,米ﾄﾞﾙ毎,,日本ブランド株投資(米ドル)毎月,
T2231511A/TSK,225資源3通貨,,日本株２２５・資源３通貨コース,
T0931110C/TSK,地球視点,G08231,日本ニューテクノロジー・オープン,
T01315018/TSK,ﾏｲｽﾄ日100,G03088 ,マイストーリー・日本株１００確定,
T2231105A/TSK,日本好配当,,,
T47311006/TSK,ﾘｱﾙｴｺﾉﾐｰ,,,
T04312027/TSK,ｺﾗﾎﾞいばらき,G03379 ,茨城ファンド,
T4731305C/TSK,ｼﾞｬﾊﾟﾝOP2,G11999 ,新光ジャパンオープンⅡ,
T12311157/TSK,女性活躍推進,G11215 ,明治安田女性活躍推進ファンド,
T0331M13M/TSK,日本株ﾙﾋﾟｱ1Y,,,
T01313048/TSK,ﾏｽﾀｰｽﾞ日本株,G04093 ,ノムラファンドマスターズ日本株,
T29312176/TSK,げんせん投信,G12538,げんせん投信,
T0331N13M/TSK,日本株ﾙﾋﾟｱ毎,,,
TAO31116B/TSK,ﾄﾘﾌﾟﾙ維 好配,G12277,ＹＭアセット・好配当日本株ファンド,
T4831A987/TSK,日本株式,G07733 ,ブラックロック日本株式オープン,
T01315136/TSK,日株ﾕｰﾛ毎,,,
T85311146/TSK,女性活力日本,G10422 ,女性活力日本株ファンド,
T4731398C/TSK,技ありるい,G01633 ,ＤＬ日本株式オープン,
T04311002/TSK,底力,,,
T64312006/TSK,投資満々,,,
T02311004/TSK,日興ｴﾎﾞﾘｭｰ,G01304,日興エボリューション,
T0131F136/TSK,日株ﾕｰﾛ年2,,,
T89311136/TSK,創業者株式F,G09224,ニッポン創業者株式ファンド,
T01311061/TSK,野村小型株,G04733,野村小型株オープン,
T0331199A/TSK,ｽﾃｰｼﾞ21,G01179,三菱ＵＦＪ 日本株グロースオープン,
TAD31114C/TSK,ｼﾞｬﾊﾟﾝ･ｲﾝﾌﾗ,G1067,いちよしインフラ関連成長株ファンド,
T3231195C/TSK,ｼﾞｬﾊﾟﾝ･ｵｰﾌﾟﾝ,,,
T03311032/TSK,Jｱｸﾃ,G03568 ,ジャパン・アクティブ・ファンド,
T64311996/TSK,得意技,,,
T0131H136/TSK,日株ﾚｱﾙ年2,,,
T79311005/TSK,げんきｼﾆｱ,G01354,三井住友・げんきシニアライフ・オープン,
T2231211A/TSK,225ﾌﾞﾗｼﾞﾙﾚｱﾙ,,,
T0331400A/TSK,日本株ｱｸﾃｨ,G01465,三菱ＵＦＪ 日本株アクティブ・ファンド,
T58311049/TSK,りそな･小型,G04089 ,りそな・小型株ファンド,
T4731216C/TSK,日本選中小株,G12347 ,日本厳選中小型株ファンド,
T22311137/TSK,日株厳F米ﾄﾞﾙ,,,
T03318003/TSK,日株ﾊﾞﾘｭｰ55,G01284,日本株オープン「バリュー５５」,
T79316059/TSK,ｹﾞﾝｷ･中部,G09110 ,中部経済圏株式ファンド,
T4731499C/TSK,ﾌｧﾝﾄﾞﾒｶﾞ･ﾃｯｸ,G11934 ,ファンド メガ・テック,
T35311004/TSK,GS日本小型株,G01330,ＧＳ 日本小型株ファンド,
T04313161/TSK,ﾀﾞｲﾜﾐﾚ亜細株,G11508,ダイワ／ミレーアセット亜細亜株式ファンド,
T04313057/TSK,季節点描,G04488,ダイワ好配当日本株投信（季節点描）,
T47311137/TSK,ｸﾞﾚｰﾄﾛｰﾃｰｼｮﾝ,G09274 ,日本経済『大転換』ファンド,
T01316136/TSK,日株豪ﾄﾞﾙ毎,,,
T2231311A/TSK,225豪ﾄﾞﾙ,,,
T29311007/TSK,より獲り実獲,G01396,ニッセイ日本株リサーチオープン,
T0131N136/TSK,日株ﾙｰﾌﾞﾙ年2,,,
T02311129/TSK,日興ｸﾞﾗﾋﾞﾃｨF,G08894 ,日興グラビティ・ファンド,
T4731113C/TSK,おもてなし,G10101 ,ＤＩＡＭ日本経済成長戦略ファンド,
T01316164/TSK,ﾛﾎﾞ･ｼﾞｬﾊﾟﾝ$,G11619 ,ロボ・ジャパン（米ドル投資型,
T68311009/TSK,社会貢献ﾌｧ,G01454,朝日ライフＳＲＩ社会貢献ファンド,
T09311144/TSK,匠の逸品,G10358,ＪＰＸ日経４００プラスにいがたアクティブ,
T01312111/TSK,ﾌﾞﾗﾝﾄﾞｱｼﾞｱ毎,,,
T09311063/TSK,竹取物語,G04830,日本好配当割安株オープンⅡ,
T01314111/TSK,ﾌﾞﾗﾝﾄﾞｱｼﾞｱY2,,,
T29311117/TSK,明日の日本,G08398,明日の日本（ジャパンエクイティファンド）,
TAE311153/TSK,しゅういつ,G10811 ,あおぞら・日本株式フォーカス戦略ファンド,
T22311096/TSK,環境ﾋﾞｼﾞﾈｽ,G07535 ,環境ビジネス日本株オープン,
T64311097/TSK,ﾆｭｰﾃﾞｨｰﾙ,G07559,環境ニューディールファンド,
T01317136/TSK,日株ﾚｱﾙ毎,,,
T1831193C/TSK,店頭･成長,G02048,店頭・成長株オープン,
T03311069/TSK,Jｱｸﾃｨﾌﾞﾌﾟﾗｽ,G05049 ,三菱ＵＦＪ ジャパン･アクティブ･プラス,
T4731J15C/TSK,資本日本株3M,G11930,資本収益力日本株ファンド（３ヵ月決算型）,
T0331194A/TSK,JASDAQ ｵｰﾌ,G01812 ,ＪＡＳＤＡＱオープン,
T47315159/TSK,資本日本株1Y,G1192,資本収益力日本株ファンド（年１回決算型）,
T1231516C/TSK,ﾉｰﾛｰﾄﾞ日株ｱｸ,G12355,ノーロード明治安田日本株式アクティブ,
T0431A11C/TSK,日本の真価株,,,
T22311149/TSK,先読みｾﾝｽ,G10555,フレキシブル日本株ファンド,
T42311139/TSK,日本株DX,G09474,ピクテ日本厳選株アルファ･プラス 円,
T04316136/TSK,日本ｽﾄﾗα通,,,
T09311151/TSK,ﾈｸｽﾄﾆｯﾎﾟﾝOP,G10782,ネクスト・ニッポン・オープン,
T35312066/TSK,株ﾌﾟﾗ通,,,
T03313003/TSK,日本株ｸﾞﾛｰｽ,,,
T47313994/TSK,MHAMｼﾞｬﾊﾟﾝOP,G11816 ,ＭＨＡＭジャパンオープン,
T0131713C/TSK,ﾉﾑﾗTHENIPPON,G10142 ,ノムラ　ＴＨＥ　ＮＩＰＰＯＮ,
T32311083/TSK,日株ｱｸﾃｨﾌﾞ,G06768,フィデリティ･日本株･アクティブ･ファンド,
T03312164/TSK,Jｱｸﾃｨﾌﾞ,,,
TAD311166/TSK,あすなろ,G11735 ,いちよし中小型成長株ファンド,
T80311138/TSK,少数精鋭日本,G09348,スパークス・少数精鋭・日本株ファンド,
T02311037/TSK,ｸﾞﾛｰｲﾝｸﾞﾍﾞﾝﾁ,G03684,日興グローイング・ベンチャーファンド,
T47311095/TSK,JAPASIA,G07495 ,ＤＩＡＭアジア関連日本株ファンド,
T4831B987/TSK,日本小型株,G07732,ブラックロック日本小型株オープン,
T32312004/TSK,ｱｸﾞﾚｼ,G01316 ,ジャパン・アグレッシブ・グロース,
T0331J13M/TSK,日本株元毎,,,
T12311001/TSK,ﾀｰﾐｶﾞﾝ,G08104,明治安田日本株式ファンド,
T4831195B/TSK,ｱｸﾃｨﾌﾞｼﾞｬﾊ,,,
T8931105C/TSK,jcool,G04683 ,ＳＢＩ小型成長株ファンド ジェイクール,
T04312157/TSK,ﾊｲｸｵ日本株,G11198,ハイクオリティ日本株セレクト-叡智の和,
T47314171/TSK,B･D･F,G12395,ビッグデータ活用　日本中小型株式ファンド,
T03312005/TSK,BW変革,,,
T8931105A/TSK,ｿﾌﾄﾊﾞﾝｸ&SBI,G04518,ソフトバンク＆ＳＢＩグループ株式ファンド,
T1731196A/TSK,JPM中小型株,,,
T22311114/TSK,日株厳F円,,,
T0331113K/TSK,中小型成長株,G10991,中小型成長株ジャパン・オープン,
T12311004/TSK,和太鼓,G01324,明治安田日本株式リサーチオープン,
T12311028/TSK,ｸﾞﾛｰｲﾝｸﾞｱｯﾌﾟ,,,
T09311158/TSK,ｱｼﾞｱｲﾝﾌﾗ株OP,G11241,アジアセレクト・インフラ関連株オープン,
T02311935/TSK,低位株 ｵｰﾌ,,,
T22311063/TSK,M&Aﾌｫｰｶｽ,,,
T32311984/TSK,日本成長株,G01829,フィデリティ・日本成長株・ファンド,
T01311842/TSK,情報ｴﾚｸﾄﾛﾆ,,,
T04312062/TSK,ﾊﾞﾘｭｰｱｯﾌﾟ,G04788,ダイワ・バリューアップ・ファンド,
T3231103B/TSK,ｼﾞｬﾊﾟﾝ･ｸﾞﾛｰｽ,G03779 ,フィデリティ･ジャパン･グロース･オープン,
T0931117A/TSK,リーダーズ,G1271,ニッポン創業経営者ファンド,
T1231100C/TSK,初くん,G08111,よくわかる投資入門ファンド（日本）,
T17313944/TSK,JPM 新成長,G01556,ＪＰＭ新成長株オープン,
T18311004/TSK,ｼﾞｬﾊﾟﾝ･ｴﾝﾀ,G01339,ジャパン・エンタープライズ・オープン,
T83311148/TSK,中小型厳選,G10520,ジャパン中小型厳選バリュー株ファンド,
T01315164/TSK,ﾛﾎﾞ･ｼﾞｬﾊﾟﾝ\,G11619 ,ロボ・ジャパン（円投資型）,
T03311005/TSK,BW飛躍,G01318,スタイルセレクト・グロースファンド,
T0931199C/TSK,日本株式ﾌｧ,,,
T22314114/TSK,日株厳Fｱｼﾞｱ3,,,
T03311999/TSK,日本株F,,,
T03312986/TSK,日本株ｱｸﾃｨ,,,
T17311005/TSK,JPM中小型ｱｸ,G01338,ＪＰＭ中小型株・アクティブ・オープン,
T22311171/TSK,ｸﾞﾗﾝｼｪﾌ,G12390,日本成長テーマフォーカス,
T04312115/TSK,ﾌｪﾆｯｸｽｼﾞｬﾊﾟﾝ,,,
T64311006/TSK,選球眼,G01383,キャッシュフロー経営評価オープン,
T18311077/TSK,ﾆｯﾎﾟﾝ新成長,G05458,インベスコ・ニッポン新興成長株ファンド,
T03317004/TSK,K2000,,,
T6431203C/TSK,ｸﾞｯﾄﾞｶﾝﾊﾟﾆｰ,G03839 ,ＳＲＩ・ジャパン・オープン,
T64311066/TSK,日本株式SRI,,,
T6431706B/TSK,SRI計画,G08659 ,社会的責任ファンド,
T18311108/TSK,中小型成長株,G04117,日本中小型ディスカバーオープン,
T09311049/TSK,日本中小型,G02326,日本低位株Ｆ,
T01311936/TSK,日本低位株,G03534 ,彩の国応援ファンド,
T6431199B/TSK,次世代ﾌｧﾝﾄﾞ,G01207,次世代ファンド,
T03312162/TSK,THE日本株 米,,,
T04311999/TSK,ﾃﾞｼﾞﾀﾙ情報,G01157,デジタル情報通信革命,
T0331114D/TSK,厳選ﾌﾟﾚ株Y2,G10996,日本厳選プレミアム株式オープン（年２回）,
TAH311177/TSK,発掘名人,,,
T01316967/TSK,小型ﾌﾞﾙｰﾁｯﾌﾟ,G02275 ,小型ブルーチップオープン,
T47311093/TSK,トヨタＨ,G12017,ＴＳ・ハイブリッドカー・ファンド,
T22311142/TSK,ﾆｯﾎﾟﾝ中小型F,G10238,ニッポン中小型株ファンド,
T04311097/TSK,ｴﾏ&ｼﾞｬﾊﾟﾝ,G07558,ダイワ・エマージング＆ジャパン・ファンド,
T04313136/TSK,日本ｽﾄﾗα豪,,,
T03314004/TSK,日本株式ｵｰ,,,
T9A312141/TSK,再開発F米ﾄﾞﾙ,G10194 ,東京再開発ファンド(米ドルコース)通貨選択,
T0131114B/TSK,ｳｲﾝｸﾞBﾚｱﾙ毎,,,
T04314136/TSK,日本ｽﾄﾗαﾚｱﾙ,,,
T01314115/TSK,ﾆｯﾎﾟﾝの未来,G08376 ,野村日本スマートシティ株投資,
T80312159/TSK,価値発掘,,,
T01318136/TSK,日株Tﾘﾗ毎,,,
T02311009/TSK,ﾐｭｰﾀﾝﾄ,G01445,ミュータント,
T03312994/TSK,日本成長株,G01051,三菱ＵＦＪ 日本成長株オープン,
T09311963/TSK,日本ｸﾞﾛｰｽ,G02010,日本グロースオープン,
T03311117/TSK,ｽﾏｲﾙ･ｼﾞｬﾊﾟﾝ,,,
T03311093/TSK,ちから株,,,
T0331514C/TSK,優くん(ﾕｳｸﾝ),,,
T2231103B/TSK,J-Stock,,,
T03311162/TSK,THE日本株 円,G11519,ＴＨＥ日本株オープン（円投資型）,
T01312126/TSK,日本株ｾﾚ毎,,,
T01314126/TSK,日本株ｾﾚ年2,,,
T04311063/TSK,ｴｺ･ﾌｧﾝﾄﾞ,G04810 ,ダイワ・エコ・ファンド,
T03311145/TSK,ｾﾌﾞﾝ･ｼｽﾀｰｽﾞ,G10355 ,日本経済再生戦略株式ファンド,
T0131I136/TSK,日株Tﾘﾗ年2,,,
T03311993/TSK,日本株35,,,
T47315083/TSK,日株ﾘｰﾀﾞｰｽﾞ,G12011,日本株リーダーズファンド,
T09311152/TSK,一等星,G10780,ニッポン成長株オープン,
T22311046/TSK,日本小型株,G04016 ,大和住銀日本小型株ファンド,
T04313103/TSK,ｱｼﾞｱﾊﾞｲｲﾝｸﾞ,G07860,ダイワ･アジア･バイイングパワー･ファンド,
T01314094/TSK,ﾌﾞﾗﾝﾄﾞﾗﾝﾄﾞ毎,,,
T03311946/TSK,J ｵｰﾌﾟﾝ,G01819 ,Ｊオープン（店頭・小型株）,
T9A311141/TSK,再開発F,G10194,東京再開発ファンド,
T47312067/TSK,新日鉄住金株,G05011,新日鉄住金グループ株式オープン,
T47317137/TSK,ｽﾄﾗﾃｼﾞｰ Bﾚｱﾙ,,,
T0331A002/TSK,ｼﾞｬﾊﾟﾆｰｽﾞ･,G11040,ジャパニーズ・ドリーム・オープン,
T03312009/TSK,ﾌｧﾝﾄﾞ･ｵﾌﾞ･ｵｰ,G01443,ファンド・オブ・オールスター・ファンズ,
T04312964/TSK,ﾀﾞｲﾜ･ｼﾞｬﾊﾟ,,,
T04312074/TSK,ｾﾚｸﾄ日本,G05334,ダイワ・セレクト日本,
T17311038/TSK,ﾃﾞｨｽｶﾊﾞﾘｰ,G03711,ＪＰＭジャパン・ディスカバリー・ファンド,
T22314144/TSK,ｱﾙﾌｧ･ｶﾙﾃｯﾄ,G10361,日本株アルファ・カルテット(毎月分配型),
T1731199A/TSK,JPM･E-ﾌﾛﾝﾃｨ,,,
T22314163/TSK,ｱﾙﾌｧ･ｶﾙﾃｯﾄY2,G11617,日本株アルファ・カルテット(年２回決算型),
T01311111/TSK,ﾌﾞﾗﾝﾄﾞ資源毎,,,
T0331211I/TSK,成長株ｼﾞｬﾊﾟﾝ,G10991 ,成長株ジャパン・オープン,
T04312139/TSK,ﾀﾞｲﾜ･ﾄｯﾌﾟ,G09473 ,ダイワ・トップ・オブ・ジャパン,
T04313943/TSK,大和ﾍﾞｽﾄﾁｮ,G01889 ,大和ベストチョイス・オープン,
T01313111/TSK,ﾌﾞﾝﾗﾄﾞ資源Y2,,,
T32312984/TSK,日本小型株,G01830,フィデリティ・日本小型株・ファンド,
T0431199C/TSK,新世代成長,G01221,新世代成長株ファンド,
T04311027/TSK,ﾀﾞｲﾜ日本株,G03362 ,ダイワ日本株オープン,
T0231205B/TSK,中小型ｸﾞﾛｰ,G04657 ,日興中小型グロース・ファンド,
T0331813M/TSK,日本株豪$1Y,,,
T01312094/TSK,ﾌﾞﾗﾝﾄﾞ豪毎,,,
T0331200B/TSK,いちよし公,G10956 ,いちよし公開ベンチャー・ファンド,
T0331H13M/TSK,日本株ﾙﾌﾞﾙ毎,,,
T04315156/TSK,日本株発掘米,G11190,日本株発掘ファンド 米ドル型,
T01317094/TSK,ﾌﾞﾗﾝﾄﾞ豪年2,,,
T0331109B/TSK,ｱｼﾞｱﾝ･ﾊﾟﾜｰ,G07670,日本株アジア戦略ファンド,
T01313094/TSK,ﾌﾞﾗﾝﾄﾞﾚｱﾙ毎,,,
T01318094/TSK,ﾌﾞﾗﾝﾄﾞﾚｱﾙ年2,,,
T04312067/TSK,ﾀﾞｲﾜ新興企業,G04995,ダイワ新興企業株ファンド,
T04316061/TSK,拡大成長株,G04767 ,ダイワ拡大成長株ファンド,
T0431306A/TSK,ｼﾞｬﾊﾟﾝﾊﾟﾜｰ,G05113,技術成長株オープン,
T03311159/TSK,ﾌﾟﾛｼﾞｪｸﾄE,G11281,日本エネルギー関連株式オープン,
T0331714M/TSK,ｴﾈﾙｷﾞｰﾁｬﾝｽ,G10998,エネルギー関連日本株オープン,
T32311139/TSK,中小型ﾘｻｰﾁF,G09455 ,フィデリティ・日本中小型株・リサーチF,
T32311009/TSK,中小型株OP,,,
T04313142/TSK,ｼﾞｬﾊﾟﾝｴｸｾﾚﾝﾄ,,,
T0431A152/TSK,日本株発掘F,,,
T50312116/TSK,地方銀行株F,G08391,ＵＢＳ地方銀行株ファンド,
T0131A094/TSK,ﾌﾞﾗﾝﾄﾞﾘﾗ年2,,,
T47312117/TSK,ﾈｯﾄ専新興ﾚｱﾙ,,,
T0331E13M/TSK,日本株Tﾘﾗ1Y,,,
T0331F13M/TSK,日本株Tﾘﾗ毎,,,
T34311997/TSK,咸臨丸,G01131 ,ドイチェ・ジャパン・グロース・オープン,
T34311994/TSK,ｸﾞﾛｰｲﾝｸﾞ･ｴ,G01045,グローイング・エンジェル,
T22313137/TSK,日株厳Fﾄﾙｺﾘﾗ,,,
T29315182/TSK,SDGsJPｾﾚ年2,G12893 ,ニッセイＳＤＧｓジャパンセレクトＦ(年２),
T09311184/TSK,ｲﾝﾌﾗﾚﾎﾞ,G12948 ,インフラ関連日本株式ファンド,
T03313184/TSK,ﾘﾀｰﾝ・ｴｰｽ,G12947,ＩＰＯリサーチ・オープン,
T04314184/TSK,日本健康F,G12956,日本健康社会応援ファンド,
,,,,
,,,,
,,,,
,,,,
,,,,
,,,,
,,,,
,,,,
,,,,
,,,,
