T02311009/TSK,ﾐｭｰﾀﾝﾄ,"E12430 /
G01445",ミュータント,https://disclosure.edinet-fsa.go.jp/E01EW/download?uji.verb=W0EZA104CXP001003Action&uji.bean=ee.bean.parent.EECommonSearchBean&PID=W1E63011&SESSIONKEY=1550340745465&lgKbn=2&pkbn=0&skbn=1&dskb=&askb=&dflg=0&iflg=0&preId=1&mul=%E3%83%9F%E3%83%A5%E3%83%BC%E3%82%BF%E3%83%B3%E3%83%88&fls=on&cal=1&era=H&yer=&mon=&pfs=5&row=100&idx=0&str=&kbn=1&flg=&syoruiKanriNo=&s=S100EBQ3,https://disclosure.edinet-fsa.go.jp/E01EW/download?uji.verb=W0EZA104CXP001003Action&uji.bean=ee.bean.parent.EECommonSearchBean&PID=W1E63011&SESSIONKEY=1550340745465&lgKbn=2&pkbn=0&skbn=1&dskb=&askb=&dflg=0&iflg=0&preId=1&mul=%E3%83%9F%E3%83%A5%E3%83%BC%E3%82%BF%E3%83%B3%E3%83%88&fls=on&cal=1&era=H&yer=&mon=&pfs=5&row=100&idx=0&str=&kbn=1&flg=&syoruiKanriNo=&s=S100BJ3Y,https://disclosure.edinet-fsa.go.jp/E01EW/download?uji.verb=W0EZA104CXP001003Action&uji.bean=ee.bean.parent.EECommonSearchBean&PID=W1E63011&SESSIONKEY=1550340745465&lgKbn=2&pkbn=0&skbn=1&dskb=&askb=&dflg=0&iflg=0&preId=1&mul=%E3%83%9F%E3%83%A5%E3%83%BC%E3%82%BF%E3%83%B3%E3%83%88&fls=on&cal=1&era=H&yer=&mon=&pfs=5&row=100&idx=0&str=&kbn=1&flg=&syoruiKanriNo=&s=S1008UIV,https://disclosure.edinet-fsa.go.jp/E01EW/download?uji.verb=W0EZA104CXP001003Action&uji.bean=ee.bean.parent.EECommonSearchBean&PID=W1E63011&SESSIONKEY=1550340745465&lgKbn=2&pkbn=0&skbn=1&dskb=&askb=&dflg=0&iflg=0&preId=1&mul=%E3%83%9F%E3%83%A5%E3%83%BC%E3%82%BF%E3%83%B3%E3%83%88&fls=on&cal=1&era=H&yer=&mon=&pfs=5&row=100&idx=0&str=&kbn=1&flg=&syoruiKanriNo=&s=S10061YD
T03312994/TSK,日本成長株,"E11518 /
G01051",三菱ＵＦＪ 日本成長株オープン,https://disclosure.edinet-fsa.go.jp/E01EW/download?uji.verb=W0EZA104CXP001003Action&uji.bean=ee.bean.parent.EECommonSearchBean&PID=W1E63011&SESSIONKEY=1550340794701&lgKbn=2&pkbn=0&skbn=1&dskb=&askb=&dflg=0&iflg=0&preId=1&mul=%E4%B8%89%E8%8F%B1%EF%BC%B5%EF%BC%A6%EF%BC%AA+%E6%97%A5%E6%9C%AC%E6%88%90%E9%95%B7%E6%A0%AA%E3%82%AA%E3%83%BC%E3%83%97%E3%83%B3&fls=on&cal=1&era=H&yer=&mon=&pfs=5&row=100&idx=0&str=&kbn=1&flg=&syoruiKanriNo=&s=S100EPTB,https://disclosure.edinet-fsa.go.jp/E01EW/download?uji.verb=W0EZA104CXP001003Action&uji.bean=ee.bean.parent.EECommonSearchBean&PID=W1E63011&SESSIONKEY=1550340794701&lgKbn=2&pkbn=0&skbn=1&dskb=&askb=&dflg=0&iflg=0&preId=1&mul=%E4%B8%89%E8%8F%B1%EF%BC%B5%EF%BC%A6%EF%BC%AA+%E6%97%A5%E6%9C%AC%E6%88%90%E9%95%B7%E6%A0%AA%E3%82%AA%E3%83%BC%E3%83%97%E3%83%B3&fls=on&cal=1&era=H&yer=&mon=&pfs=5&row=100&idx=0&str=&kbn=1&flg=&syoruiKanriNo=&s=S100BYTG,https://disclosure.edinet-fsa.go.jp/E01EW/download?uji.verb=W0EZA104CXP001003Action&uji.bean=ee.bean.parent.EECommonSearchBean&PID=W1E63011&SESSIONKEY=1550340794701&lgKbn=2&pkbn=0&skbn=1&dskb=&askb=&dflg=0&iflg=0&preId=1&mul=%E4%B8%89%E8%8F%B1%EF%BC%B5%EF%BC%A6%EF%BC%AA+%E6%97%A5%E6%9C%AC%E6%88%90%E9%95%B7%E6%A0%AA%E3%82%AA%E3%83%BC%E3%83%97%E3%83%B3&fls=on&cal=1&era=H&yer=&mon=&pfs=5&row=100&idx=0&str=&kbn=1&flg=&syoruiKanriNo=&s=S1009EGF,https://disclosure.edinet-fsa.go.jp/E01EW/download?uji.verb=W0EZA104CXP001003Action&uji.bean=ee.bean.parent.EECommonSearchBean&PID=W1E63011&SESSIONKEY=1550340794701&lgKbn=2&pkbn=0&skbn=1&dskb=&askb=&dflg=0&iflg=0&preId=1&mul=%E4%B8%89%E8%8F%B1%EF%BC%B5%EF%BC%A6%EF%BC%AA+%E6%97%A5%E6%9C%AC%E6%88%90%E9%95%B7%E6%A0%AA%E3%82%AA%E3%83%BC%E3%83%97%E3%83%B3&fls=on&cal=1&era=H&yer=&mon=&pfs=5&row=100&idx=0&str=&kbn=1&flg=&syoruiKanriNo=&s=S1006OMM,https://disclosure.edinet-fsa.go.jp/E01EW/download?uji.verb=W0EZA104CXP001003Action&uji.bean=ee.bean.parent.EECommonSearchBean&PID=W1E63011&SESSIONKEY=1550340794701&lgKbn=2&pkbn=0&skbn=1&dskb=&askb=&dflg=0&iflg=0&preId=1&mul=%E4%B8%89%E8%8F%B1%EF%BC%B5%EF%BC%A6%EF%BC%AA+%E6%97%A5%E6%9C%AC%E6%88%90%E9%95%B7%E6%A0%AA%E3%82%AA%E3%83%BC%E3%83%97%E3%83%B3&fls=on&cal=1&era=H&yer=&mon=&pfs=5&row=100&idx=0&str=&kbn=1&flg=&syoruiKanriNo=&s=S1002GZL
T09311963/TSK,日本ｸﾞﾛｰｽ,"E12441 /
G02010",日本グロースオープン,https://disclosure.edinet-fsa.go.jp/E01EW/download?uji.verb=W0EZA104CXP001003Action&uji.bean=ee.bean.parent.EECommonSearchBean&PID=W1E63011&SESSIONKEY=1550340842424&lgKbn=2&pkbn=0&skbn=1&dskb=&askb=&dflg=0&iflg=0&preId=1&mul=%E6%97%A5%E6%9C%AC%E3%82%B0%E3%83%AD%E3%83%BC%E3%82%B9%E3%82%AA%E3%83%BC%E3%83%97%E3%83%B3&fls=on&cal=1&era=H&yer=&mon=&pfs=5&row=100&idx=0&str=&kbn=1&flg=&syoruiKanriNo=&s=S100E83T,https://disclosure.edinet-fsa.go.jp/E01EW/download?uji.verb=W0EZA104CXP001003Action&uji.bean=ee.bean.parent.EECommonSearchBean&PID=W1E63011&SESSIONKEY=1550340842424&lgKbn=2&pkbn=0&skbn=1&dskb=&askb=&dflg=0&iflg=0&preId=1&mul=%E6%97%A5%E6%9C%AC%E3%82%B0%E3%83%AD%E3%83%BC%E3%82%B9%E3%82%AA%E3%83%BC%E3%83%97%E3%83%B3&fls=on&cal=1&era=H&yer=&mon=&pfs=5&row=100&idx=0&str=&kbn=1&flg=&syoruiKanriNo=&s=S100BIF2,https://disclosure.edinet-fsa.go.jp/E01EW/download?uji.verb=W0EZA104CXP001003Action&uji.bean=ee.bean.parent.EECommonSearchBean&PID=W1E63011&SESSIONKEY=1550340842424&lgKbn=2&pkbn=0&skbn=1&dskb=&askb=&dflg=0&iflg=0&preId=1&mul=%E6%97%A5%E6%9C%AC%E3%82%B0%E3%83%AD%E3%83%BC%E3%82%B9%E3%82%AA%E3%83%BC%E3%83%97%E3%83%B3&fls=on&cal=1&era=H&yer=&mon=&pfs=5&row=100&idx=0&str=&kbn=1&flg=&syoruiKanriNo=&s=S1008TOH,https://disclosure.edinet-fsa.go.jp/E01EW/download?uji.verb=W0EZA104CXP001003Action&uji.bean=ee.bean.parent.EECommonSearchBean&PID=W1E63011&SESSIONKEY=1550340842424&lgKbn=2&pkbn=0&skbn=1&dskb=&askb=&dflg=0&iflg=0&preId=1&mul=%E6%97%A5%E6%9C%AC%E3%82%B0%E3%83%AD%E3%83%BC%E3%82%B9%E3%82%AA%E3%83%BC%E3%83%97%E3%83%B3&fls=on&cal=1&era=H&yer=&mon=&pfs=5&row=100&idx=0&str=&kbn=1&flg=&syoruiKanriNo=&s=S1004MEJ
T03311162/TSK,THE日本株 円,"E11518 /
G11519",ＴＨＥ日本株オープン（円投資型）,https://disclosure.edinet-fsa.go.jp/E01EW/download?uji.verb=W0EZA104CXP001003Action&uji.bean=ee.bean.parent.EECommonSearchBean&PID=W1E63011&SESSIONKEY=1550340896663&lgKbn=2&pkbn=0&skbn=1&dskb=&askb=&dflg=0&iflg=0&preId=1&mul=%EF%BC%B4%EF%BC%A8%EF%BC%A5%E6%97%A5%E6%9C%AC%E6%A0%AA%E3%82%AA%E3%83%BC%E3%83%97%E3%83%B3%EF%BC%88%E5%86%86%E6%8A%95%E8%B3%87%E5%9E%8B%EF%BC%89&fls=on&cal=1&era=H&yer=&mon=&pfs=5&row=100&idx=0&str=&kbn=1&flg=&syoruiKanriNo=&s=S100DYGG,https://disclosure.edinet-fsa.go.jp/E01EW/download?uji.verb=W0EZA104CXP001003Action&uji.bean=ee.bean.parent.EECommonSearchBean&PID=W1E63011&SESSIONKEY=1550340896663&lgKbn=2&pkbn=0&skbn=1&dskb=&askb=&dflg=0&iflg=0&preId=1&mul=%EF%BC%B4%EF%BC%A8%EF%BC%A5%E6%97%A5%E6%9C%AC%E6%A0%AA%E3%82%AA%E3%83%BC%E3%83%97%E3%83%B3%EF%BC%88%E5%86%86%E6%8A%95%E8%B3%87%E5%9E%8B%EF%BC%89&fls=on&cal=1&era=H&yer=&mon=&pfs=5&row=100&idx=0&str=&kbn=1&flg=&syoruiKanriNo=&s=S100B7UB,https://disclosure.edinet-fsa.go.jp/E01EW/download?uji.verb=W0EZA104CXP001003Action&uji.bean=ee.bean.parent.EECommonSearchBean&PID=W1E63011&SESSIONKEY=1550340896663&lgKbn=2&pkbn=0&skbn=1&dskb=&askb=&dflg=0&iflg=0&preId=1&mul=%EF%BC%B4%EF%BC%A8%EF%BC%A5%E6%97%A5%E6%9C%AC%E6%A0%AA%E3%82%AA%E3%83%BC%E3%83%97%E3%83%B3%EF%BC%88%E5%86%86%E6%8A%95%E8%B3%87%E5%9E%8B%EF%BC%89&fls=on&cal=1&era=H&yer=&mon=&pfs=5&row=100&idx=0&str=&kbn=1&flg=&syoruiKanriNo=&s=S1008L7G
T04311063/TSK,ｴｺ･ﾌｧﾝﾄﾞ,"E06748 /
G04810",ダイワ・エコ・ファンド,https://disclosure.edinet-fsa.go.jp/E01EW/download?uji.verb=W0EZA104CXP001003Action&uji.bean=ee.bean.parent.EECommonSearchBean&PID=W1E63011&SESSIONKEY=1550340938170&lgKbn=2&pkbn=0&skbn=1&dskb=&askb=&dflg=0&iflg=0&preId=1&mul=%E3%83%80%E3%82%A4%E3%83%AF%E3%83%BB%E3%82%A8%E3%82%B3%E3%83%BB%E3%83%95%E3%82%A1%E3%83%B3%E3%83%89&fls=on&cal=1&era=H&yer=&mon=&pfs=5&row=100&idx=0&str=&kbn=1&flg=&syoruiKanriNo=&s=S100EFXT,https://disclosure.edinet-fsa.go.jp/E01EW/download?uji.verb=W0EZA104CXP001003Action&uji.bean=ee.bean.parent.EECommonSearchBean&PID=W1E63011&SESSIONKEY=1550340938170&lgKbn=2&pkbn=0&skbn=1&dskb=&askb=&dflg=0&iflg=0&preId=1&mul=%E3%83%80%E3%82%A4%E3%83%AF%E3%83%BB%E3%82%A8%E3%82%B3%E3%83%BB%E3%83%95%E3%82%A1%E3%83%B3%E3%83%89&fls=on&cal=1&era=H&yer=&mon=&pfs=5&row=100&idx=0&str=&kbn=1&flg=&syoruiKanriNo=&s=S100BLRD,https://disclosure.edinet-fsa.go.jp/E01EW/download?uji.verb=W0EZA104CXP001003Action&uji.bean=ee.bean.parent.EECommonSearchBean&PID=W1E63011&SESSIONKEY=1550340938170&lgKbn=2&pkbn=0&skbn=1&dskb=&askb=&dflg=0&iflg=0&preId=1&mul=%E3%83%80%E3%82%A4%E3%83%AF%E3%83%BB%E3%82%A8%E3%82%B3%E3%83%BB%E3%83%95%E3%82%A1%E3%83%B3%E3%83%89&fls=on&cal=1&era=H&yer=&mon=&pfs=5&row=100&idx=0&str=&kbn=1&flg=&syoruiKanriNo=&s=S100908T,https://disclosure.edinet-fsa.go.jp/E01EW/download?uji.verb=W0EZA104CXP001003Action&uji.bean=ee.bean.parent.EECommonSearchBean&PID=W1E63011&SESSIONKEY=1550340938170&lgKbn=2&pkbn=0&skbn=1&dskb=&askb=&dflg=0&iflg=0&preId=1&mul=%E3%83%80%E3%82%A4%E3%83%AF%E3%83%BB%E3%82%A8%E3%82%B3%E3%83%BB%E3%83%95%E3%82%A1%E3%83%B3%E3%83%89&fls=on&cal=1&era=H&yer=&mon=&pfs=5&row=100&idx=0&str=&kbn=1&flg=&syoruiKanriNo=&s=S10065R8,https://disclosure.edinet-fsa.go.jp/E01EW/download?uji.verb=W0EZA104CXP001003Action&uji.bean=ee.bean.parent.EECommonSearchBean&PID=W1E63011&SESSIONKEY=1550340938170&lgKbn=2&pkbn=0&skbn=1&dskb=&askb=&dflg=0&iflg=0&preId=1&mul=%E3%83%80%E3%82%A4%E3%83%AF%E3%83%BB%E3%82%A8%E3%82%B3%E3%83%BB%E3%83%95%E3%82%A1%E3%83%B3%E3%83%89&fls=on&cal=1&era=H&yer=&mon=&pfs=5&row=100&idx=0&str=&kbn=1&flg=&syoruiKanriNo=&s=S1003CHK
T03311145/TSK,ｾﾌﾞﾝ･ｼｽﾀｰｽﾞ,"E11518 /
G10355",日本経済再生戦略株式ファンド,https://disclosure.edinet-fsa.go.jp/E01EW/download?uji.verb=W0EZA104CXP001003Action&uji.bean=ee.bean.parent.EECommonSearchBean&PID=W1E63011&SESSIONKEY=1550340983439&lgKbn=2&pkbn=0&skbn=1&dskb=&askb=&dflg=0&iflg=0&preId=1&mul=%E6%97%A5%E6%9C%AC%E7%B5%8C%E6%B8%88%E5%86%8D%E7%94%9F%E6%88%A6%E7%95%A5%E6%A0%AA%E5%BC%8F%E3%83%95%E3%82%A1%E3%83%B3%E3%83%89&fls=on&cal=1&era=H&yer=&mon=&pfs=5&row=100&idx=0&str=&kbn=1&flg=&syoruiKanriNo=&s=S100EKXB,https://disclosure.edinet-fsa.go.jp/E01EW/download?uji.verb=W0EZA104CXP001003Action&uji.bean=ee.bean.parent.EECommonSearchBean&PID=W1E63011&SESSIONKEY=1550340983439&lgKbn=2&pkbn=0&skbn=1&dskb=&askb=&dflg=0&iflg=0&preId=1&mul=%E6%97%A5%E6%9C%AC%E7%B5%8C%E6%B8%88%E5%86%8D%E7%94%9F%E6%88%A6%E7%95%A5%E6%A0%AA%E5%BC%8F%E3%83%95%E3%82%A1%E3%83%B3%E3%83%89&fls=on&cal=1&era=H&yer=&mon=&pfs=5&row=100&idx=0&str=&kbn=1&flg=&syoruiKanriNo=&s=S100BSZ7,https://disclosure.edinet-fsa.go.jp/E01EW/download?uji.verb=W0EZA104CXP001003Action&uji.bean=ee.bean.parent.EECommonSearchBean&PID=W1E63011&SESSIONKEY=1550340983439&lgKbn=2&pkbn=0&skbn=1&dskb=&askb=&dflg=0&iflg=0&preId=1&mul=%E6%97%A5%E6%9C%AC%E7%B5%8C%E6%B8%88%E5%86%8D%E7%94%9F%E6%88%A6%E7%95%A5%E6%A0%AA%E5%BC%8F%E3%83%95%E3%82%A1%E3%83%B3%E3%83%89&fls=on&cal=1&era=H&yer=&mon=&pfs=5&row=100&idx=0&str=&kbn=1&flg=&syoruiKanriNo=&s=S10097OR,https://disclosure.edinet-fsa.go.jp/E01EW/download?uji.verb=W0EZA104CXP001003Action&uji.bean=ee.bean.parent.EECommonSearchBean&PID=W1E63011&SESSIONKEY=1550340983439&lgKbn=2&pkbn=0&skbn=1&dskb=&askb=&dflg=0&iflg=0&preId=1&mul=%E6%97%A5%E6%9C%AC%E7%B5%8C%E6%B8%88%E5%86%8D%E7%94%9F%E6%88%A6%E7%95%A5%E6%A0%AA%E5%BC%8F%E3%83%95%E3%82%A1%E3%83%B3%E3%83%89&fls=on&cal=1&era=H&yer=&mon=&pfs=5&row=100&idx=0&str=&kbn=1&flg=&syoruiKanriNo=&s=S1006JWI,https://disclosure.edinet-fsa.go.jp/E01EW/download?uji.verb=W0EZA104CXP001003Action&uji.bean=ee.bean.parent.EECommonSearchBean&PID=W1E63011&SESSIONKEY=1550340983439&lgKbn=2&pkbn=0&skbn=1&dskb=&askb=&dflg=0&iflg=0&preId=1&mul=%E6%97%A5%E6%9C%AC%E7%B5%8C%E6%B8%88%E5%86%8D%E7%94%9F%E6%88%A6%E7%95%A5%E6%A0%AA%E5%BC%8F%E3%83%95%E3%82%A1%E3%83%B3%E3%83%89&fls=on&cal=1&era=H&yer=&mon=&pfs=5&row=100&idx=0&str=&kbn=1&flg=&syoruiKanriNo=&s=S1003MFH
T47315083/TSK,日株ﾘｰﾀﾞｰｽﾞ,"E10677 /
G12011",日本株リーダーズファンド,https://disclosure.edinet-fsa.go.jp/E01EW/download?uji.verb=W0EZA104CXP001003Action&uji.bean=ee.bean.parent.EECommonSearchBean&PID=W1E63011&SESSIONKEY=1550341028861&lgKbn=2&pkbn=0&skbn=1&dskb=&askb=&dflg=0&iflg=0&preId=1&mul=%E6%97%A5%E6%9C%AC%E6%A0%AA%E3%83%AA%E3%83%BC%E3%83%80%E3%83%BC%E3%82%BA%E3%83%95%E3%82%A1%E3%83%B3%E3%83%89&fls=on&cal=1&era=H&yer=&mon=&pfs=5&row=100&idx=0&str=&kbn=1&flg=&syoruiKanriNo=&s=S100EDGJ,https://disclosure.edinet-fsa.go.jp/E01EW/download?uji.verb=W0EZA104CXP001003Action&uji.bean=ee.bean.parent.EECommonSearchBean&PID=W1E63011&SESSIONKEY=1550341028861&lgKbn=2&pkbn=0&skbn=1&dskb=&askb=&dflg=0&iflg=0&preId=1&mul=%E6%97%A5%E6%9C%AC%E6%A0%AA%E3%83%AA%E3%83%BC%E3%83%80%E3%83%BC%E3%82%BA%E3%83%95%E3%82%A1%E3%83%B3%E3%83%89&fls=on&cal=1&era=H&yer=&mon=&pfs=5&row=100&idx=0&str=&kbn=1&flg=&syoruiKanriNo=&s=S100BIDC,https://disclosure.edinet-fsa.go.jp/E01EW/download?uji.verb=W0EZA104CXP001003Action&uji.bean=ee.bean.parent.EECommonSearchBean&PID=W1E63011&SESSIONKEY=1550341028861&lgKbn=2&pkbn=0&skbn=1&dskb=&askb=&dflg=0&iflg=0&preId=1&mul=%E6%97%A5%E6%9C%AC%E6%A0%AA%E3%83%AA%E3%83%BC%E3%83%80%E3%83%BC%E3%82%BA%E3%83%95%E3%82%A1%E3%83%B3%E3%83%89&fls=on&cal=1&era=H&yer=&mon=&pfs=5&row=100&idx=0&str=&kbn=1&flg=&syoruiKanriNo=&s=S1008V21,https://disclosure.edinet-fsa.go.jp/E01EW/download?uji.verb=W0EZA104CXP001003Action&uji.bean=ee.bean.parent.EECommonSearchBean&PID=W1E63011&SESSIONKEY=1550341028861&lgKbn=2&pkbn=0&skbn=1&dskb=&askb=&dflg=0&iflg=0&preId=1&mul=%E6%97%A5%E6%9C%AC%E6%A0%AA%E3%83%AA%E3%83%BC%E3%83%80%E3%83%BC%E3%82%BA%E3%83%95%E3%82%A1%E3%83%B3%E3%83%89&fls=on&cal=1&era=H&yer=&mon=&pfs=5&row=100&idx=0&str=&kbn=1&flg=&syoruiKanriNo=&s=S1004ON5
T09311152/TSK,一等星,"E12441 /
G10780",ニッポン成長株オープン,https://disclosure.edinet-fsa.go.jp/E01EW/download?uji.verb=W0EZA104CXP001003Action&uji.bean=ee.bean.parent.EECommonSearchBean&PID=W1E63011&SESSIONKEY=1550341076979&lgKbn=2&pkbn=0&skbn=1&dskb=&askb=&dflg=0&iflg=0&preId=1&mul=%E3%83%8B%E3%83%83%E3%83%9D%E3%83%B3%E6%88%90%E9%95%B7%E6%A0%AA%E3%82%AA%E3%83%BC%E3%83%97%E3%83%B3&fls=on&cal=1&era=H&yer=&mon=&pfs=5&row=100&idx=0&str=&kbn=1&flg=&syoruiKanriNo=&s=S100E1RV,https://disclosure.edinet-fsa.go.jp/E01EW/download?uji.verb=W0EZA104CXP001003Action&uji.bean=ee.bean.parent.EECommonSearchBean&PID=W1E63011&SESSIONKEY=1550341076979&lgKbn=2&pkbn=0&skbn=1&dskb=&askb=&dflg=0&iflg=0&preId=1&mul=%E3%83%8B%E3%83%83%E3%83%9D%E3%83%B3%E6%88%90%E9%95%B7%E6%A0%AA%E3%82%AA%E3%83%BC%E3%83%97%E3%83%B3&fls=on&cal=1&era=H&yer=&mon=&pfs=5&row=100&idx=0&str=&kbn=1&flg=&syoruiKanriNo=&s=S100BANC,https://disclosure.edinet-fsa.go.jp/E01EW/download?uji.verb=W0EZA104CXP001003Action&uji.bean=ee.bean.parent.EECommonSearchBean&PID=W1E63011&SESSIONKEY=1550341076979&lgKbn=2&pkbn=0&skbn=1&dskb=&askb=&dflg=0&iflg=0&preId=1&mul=%E3%83%8B%E3%83%83%E3%83%9D%E3%83%B3%E6%88%90%E9%95%B7%E6%A0%AA%E3%82%AA%E3%83%BC%E3%83%97%E3%83%B3&fls=on&cal=1&era=H&yer=&mon=&pfs=5&row=100&idx=0&str=&kbn=1&flg=&syoruiKanriNo=&s=S1008P5I,https://disclosure.edinet-fsa.go.jp/E01EW/download?uji.verb=W0EZA104CXP001003Action&uji.bean=ee.bean.parent.EECommonSearchBean&PID=W1E63011&SESSIONKEY=1550341076979&lgKbn=2&pkbn=0&skbn=1&dskb=&askb=&dflg=0&iflg=0&preId=1&mul=%E3%83%8B%E3%83%83%E3%83%9D%E3%83%B3%E6%88%90%E9%95%B7%E6%A0%AA%E3%82%AA%E3%83%BC%E3%83%97%E3%83%B3&fls=on&cal=1&era=H&yer=&mon=&pfs=5&row=100&idx=0&str=&kbn=1&flg=&syoruiKanriNo=&s=S1005Y1S
T22311046/TSK,日本小型株,"E12454 /
G04016",大和住銀日本小型株ファンド,https://disclosure.edinet-fsa.go.jp/E01EW/download?uji.verb=W0EZA104CXP001003Action&uji.bean=ee.bean.parent.EECommonSearchBean&PID=W1E63011&SESSIONKEY=1550341125232&lgKbn=2&pkbn=0&skbn=1&dskb=&askb=&dflg=0&iflg=0&preId=1&mul=%E5%A4%A7%E5%92%8C%E4%BD%8F%E9%8A%80%E6%97%A5%E6%9C%AC%E5%B0%8F%E5%9E%8B%E6%A0%AA%E3%83%95%E3%82%A1%E3%83%B3%E3%83%89&fls=on&cal=1&era=H&yer=&mon=&pfs=5&row=100&idx=0&str=&kbn=1&flg=&syoruiKanriNo=&s=S100E28O,https://disclosure.edinet-fsa.go.jp/E01EW/download?uji.verb=W0EZA104CXP001003Action&uji.bean=ee.bean.parent.EECommonSearchBean&PID=W1E63011&SESSIONKEY=1550341125232&lgKbn=2&pkbn=0&skbn=1&dskb=&askb=&dflg=0&iflg=0&preId=1&mul=%E5%A4%A7%E5%92%8C%E4%BD%8F%E9%8A%80%E6%97%A5%E6%9C%AC%E5%B0%8F%E5%9E%8B%E6%A0%AA%E3%83%95%E3%82%A1%E3%83%B3%E3%83%89&fls=on&cal=1&era=H&yer=&mon=&pfs=5&row=100&idx=0&str=&kbn=1&flg=&syoruiKanriNo=&s=S100B9OL,https://disclosure.edinet-fsa.go.jp/E01EW/download?uji.verb=W0EZA104CXP001003Action&uji.bean=ee.bean.parent.EECommonSearchBean&PID=W1E63011&SESSIONKEY=1550341125232&lgKbn=2&pkbn=0&skbn=1&dskb=&askb=&dflg=0&iflg=0&preId=1&mul=%E5%A4%A7%E5%92%8C%E4%BD%8F%E9%8A%80%E6%97%A5%E6%9C%AC%E5%B0%8F%E5%9E%8B%E6%A0%AA%E3%83%95%E3%82%A1%E3%83%B3%E3%83%89&fls=on&cal=1&era=H&yer=&mon=&pfs=5&row=100&idx=0&str=&kbn=1&flg=&syoruiKanriNo=&s=S1008M2F,https://disclosure.edinet-fsa.go.jp/E01EW/download?uji.verb=W0EZA104CXP001003Action&uji.bean=ee.bean.parent.EECommonSearchBean&PID=W1E63011&SESSIONKEY=1550341125232&lgKbn=2&pkbn=0&skbn=1&dskb=&askb=&dflg=0&iflg=0&preId=1&mul=%E5%A4%A7%E5%92%8C%E4%BD%8F%E9%8A%80%E6%97%A5%E6%9C%AC%E5%B0%8F%E5%9E%8B%E6%A0%AA%E3%83%95%E3%82%A1%E3%83%B3%E3%83%89&fls=on&cal=1&era=H&yer=&mon=&pfs=5&row=100&idx=0&str=&kbn=1&flg=&syoruiKanriNo=&s=S1005UXR
T04313103/TSK,ｱｼﾞｱﾊﾞｲｲﾝｸﾞ,"E06748 /
G07860",ダイワ・アジア・バイイングパワー・ファンド,https://disclosure.edinet-fsa.go.jp/E01EW/download?uji.verb=W0EZA104CXP001003Action&uji.bean=ee.bean.parent.EECommonSearchBean&PID=W1E63011&SESSIONKEY=1550341173100&lgKbn=2&pkbn=0&skbn=1&dskb=&askb=&dflg=0&iflg=0&preId=1&mul=%E3%83%80%E3%82%A4%E3%83%AF%E3%83%BB%E3%82%A2%E3%82%B8%E3%82%A2%E3%83%BB%E3%83%90%E3%82%A4%E3%82%A4%E3%83%B3%E3%82%B0%E3%83%91%E3%83%AF%E3%83%BC%E3%83%BB%E3%83%95%E3%82%A1%E3%83%B3%E3%83%89&fls=on&cal=1&era=H&yer=&mon=&pfs=5&row=100&idx=0&str=&kbn=1&flg=&syoruiKanriNo=&s=S100ENQL,https://disclosure.edinet-fsa.go.jp/E01EW/download?uji.verb=W0EZA104CXP001003Action&uji.bean=ee.bean.parent.EECommonSearchBean&PID=W1E63011&SESSIONKEY=1550341173100&lgKbn=2&pkbn=0&skbn=1&dskb=&askb=&dflg=0&iflg=0&preId=1&mul=%E3%83%80%E3%82%A4%E3%83%AF%E3%83%BB%E3%82%A2%E3%82%B8%E3%82%A2%E3%83%BB%E3%83%90%E3%82%A4%E3%82%A4%E3%83%B3%E3%82%B0%E3%83%91%E3%83%AF%E3%83%BC%E3%83%BB%E3%83%95%E3%82%A1%E3%83%B3%E3%83%89&fls=on&cal=1&era=H&yer=&mon=&pfs=5&row=100&idx=0&str=&kbn=1&flg=&syoruiKanriNo=&s=S100BURB,https://disclosure.edinet-fsa.go.jp/E01EW/download?uji.verb=W0EZA104CXP001003Action&uji.bean=ee.bean.parent.EECommonSearchBean&PID=W1E63011&SESSIONKEY=1550341173100&lgKbn=2&pkbn=0&skbn=1&dskb=&askb=&dflg=0&iflg=0&preId=1&mul=%E3%83%80%E3%82%A4%E3%83%AF%E3%83%BB%E3%82%A2%E3%82%B8%E3%82%A2%E3%83%BB%E3%83%90%E3%82%A4%E3%82%A4%E3%83%B3%E3%82%B0%E3%83%91%E3%83%AF%E3%83%BC%E3%83%BB%E3%83%95%E3%82%A1%E3%83%B3%E3%83%89&fls=on&cal=1&era=H&yer=&mon=&pfs=5&row=100&idx=0&str=&kbn=1&flg=&syoruiKanriNo=&s=S10097Q5,https://disclosure.edinet-fsa.go.jp/E01EW/download?uji.verb=W0EZA104CXP001003Action&uji.bean=ee.bean.parent.EECommonSearchBean&PID=W1E63011&SESSIONKEY=1550341173100&lgKbn=2&pkbn=0&skbn=1&dskb=&askb=&dflg=0&iflg=0&preId=1&mul=%E3%83%80%E3%82%A4%E3%83%AF%E3%83%BB%E3%82%A2%E3%82%B8%E3%82%A2%E3%83%BB%E3%83%90%E3%82%A4%E3%82%A4%E3%83%B3%E3%82%B0%E3%83%91%E3%83%AF%E3%83%BC%E3%83%BB%E3%83%95%E3%82%A1%E3%83%B3%E3%83%89&fls=on&cal=1&era=H&yer=&mon=&pfs=5&row=100&idx=0&str=&kbn=1&flg=&syoruiKanriNo=&s=S1006GHY,https://disclosure.edinet-fsa.go.jp/E01EW/download?uji.verb=W0EZA104CXP001003Action&uji.bean=ee.bean.parent.EECommonSearchBean&PID=W1E63011&SESSIONKEY=1550341173100&lgKbn=2&pkbn=0&skbn=1&dskb=&askb=&dflg=0&iflg=0&preId=1&mul=%E3%83%80%E3%82%A4%E3%83%AF%E3%83%BB%E3%82%A2%E3%82%B8%E3%82%A2%E3%83%BB%E3%83%90%E3%82%A4%E3%82%A4%E3%83%B3%E3%82%B0%E3%83%91%E3%83%AF%E3%83%BC%E3%83%BB%E3%83%95%E3%82%A1%E3%83%B3%E3%83%89&fls=on&cal=1&era=H&yer=&mon=&pfs=5&row=100&idx=0&str=&kbn=1&flg=&syoruiKanriNo=&s=S1003LJR
T03311946/TSK,J ｵｰﾌﾟﾝ,"E11518 /
G01819",Ｊオープン（店頭・小型株）,https://disclosure.edinet-fsa.go.jp/E01EW/download?uji.verb=W0EZA104CXP001003Action&uji.bean=ee.bean.parent.EECommonSearchBean&PID=W1E63011&SESSIONKEY=1550341218209&lgKbn=2&pkbn=0&skbn=1&dskb=&askb=&dflg=0&iflg=0&preId=1&mul=%EF%BC%AA%E3%82%AA%E3%83%BC%E3%83%97%E3%83%B3%EF%BC%88%E5%BA%97%E9%A0%AD%E3%83%BB%E5%B0%8F%E5%9E%8B%E6%A0%AA%EF%BC%89&fls=on&cal=1&era=H&yer=&mon=&pfs=5&row=100&idx=0&str=&kbn=1&flg=&syoruiKanriNo=&s=S100DZWV,https://disclosure.edinet-fsa.go.jp/E01EW/download?uji.verb=W0EZA104CXP001003Action&uji.bean=ee.bean.parent.EECommonSearchBean&PID=W1E63011&SESSIONKEY=1550341218209&lgKbn=2&pkbn=0&skbn=1&dskb=&askb=&dflg=0&iflg=0&preId=1&mul=%EF%BC%AA%E3%82%AA%E3%83%BC%E3%83%97%E3%83%B3%EF%BC%88%E5%BA%97%E9%A0%AD%E3%83%BB%E5%B0%8F%E5%9E%8B%E6%A0%AA%EF%BC%89&fls=on&cal=1&era=H&yer=&mon=&pfs=5&row=100&idx=0&str=&kbn=1&flg=&syoruiKanriNo=&s=S100B8BS,https://disclosure.edinet-fsa.go.jp/E01EW/download?uji.verb=W0EZA104CXP001003Action&uji.bean=ee.bean.parent.EECommonSearchBean&PID=W1E63011&SESSIONKEY=1550341218209&lgKbn=2&pkbn=0&skbn=1&dskb=&askb=&dflg=0&iflg=0&preId=1&mul=%EF%BC%AA%E3%82%AA%E3%83%BC%E3%83%97%E3%83%B3%EF%BC%88%E5%BA%97%E9%A0%AD%E3%83%BB%E5%B0%8F%E5%9E%8B%E6%A0%AA%EF%BC%89&fls=on&cal=1&era=H&yer=&mon=&pfs=5&row=100&idx=0&str=&kbn=1&flg=&syoruiKanriNo=&s=S1008MS6,https://disclosure.edinet-fsa.go.jp/E01EW/download?uji.verb=W0EZA104CXP001003Action&uji.bean=ee.bean.parent.EECommonSearchBean&PID=W1E63011&SESSIONKEY=1550341218209&lgKbn=2&pkbn=0&skbn=1&dskb=&askb=&dflg=0&iflg=0&preId=1&mul=%EF%BC%AA%E3%82%AA%E3%83%BC%E3%83%97%E3%83%B3%EF%BC%88%E5%BA%97%E9%A0%AD%E3%83%BB%E5%B0%8F%E5%9E%8B%E6%A0%AA%EF%BC%89&fls=on&cal=1&era=H&yer=&mon=&pfs=5&row=100&idx=0&str=&kbn=1&flg=&syoruiKanriNo=&s=S1005UK1
T9A311141/TSK,再開発F,"E14714 /
G10194",東京再開発ファンド,https://disclosure.edinet-fsa.go.jp/E01EW/download?uji.verb=W0EZA104CXP001003Action&uji.bean=ee.bean.parent.EECommonSearchBean&PID=W1E63011&SESSIONKEY=1550341265940&lgKbn=2&pkbn=0&skbn=1&dskb=&askb=&dflg=0&iflg=0&preId=1&mul=%E6%9D%B1%E4%BA%AC%E5%86%8D%E9%96%8B%E7%99%BA%E3%83%95%E3%82%A1%E3%83%B3%E3%83%89&fls=on&cal=1&era=H&yer=&mon=&pfs=5&row=100&idx=0&str=&kbn=1&flg=&syoruiKanriNo=&s=S100DYIB,https://disclosure.edinet-fsa.go.jp/E01EW/download?uji.verb=W0EZA104CXP001003Action&uji.bean=ee.bean.parent.EECommonSearchBean&PID=W1E63011&SESSIONKEY=1550341265940&lgKbn=2&pkbn=0&skbn=1&dskb=&askb=&dflg=0&iflg=0&preId=1&mul=%E6%9D%B1%E4%BA%AC%E5%86%8D%E9%96%8B%E7%99%BA%E3%83%95%E3%82%A1%E3%83%B3%E3%83%89&fls=on&cal=1&era=H&yer=&mon=&pfs=5&row=100&idx=0&str=&kbn=1&flg=&syoruiKanriNo=&s=S100B6TK,https://disclosure.edinet-fsa.go.jp/E01EW/download?uji.verb=W0EZA104CXP001003Action&uji.bean=ee.bean.parent.EECommonSearchBean&PID=W1E63011&SESSIONKEY=1550341265940&lgKbn=2&pkbn=0&skbn=1&dskb=&askb=&dflg=0&iflg=0&preId=1&mul=%E6%9D%B1%E4%BA%AC%E5%86%8D%E9%96%8B%E7%99%BA%E3%83%95%E3%82%A1%E3%83%B3%E3%83%89&fls=on&cal=1&era=H&yer=&mon=&pfs=5&row=100&idx=0&str=&kbn=1&flg=&syoruiKanriNo=&s=S1008IJJ,https://disclosure.edinet-fsa.go.jp/E01EW/download?uji.verb=W0EZA104CXP001003Action&uji.bean=ee.bean.parent.EECommonSearchBean&PID=W1E63011&SESSIONKEY=1550341265940&lgKbn=2&pkbn=0&skbn=1&dskb=&askb=&dflg=0&iflg=0&preId=1&mul=%E6%9D%B1%E4%BA%AC%E5%86%8D%E9%96%8B%E7%99%BA%E3%83%95%E3%82%A1%E3%83%B3%E3%83%89&fls=on&cal=1&era=H&yer=&mon=&pfs=5&row=100&idx=0&str=&kbn=1&flg=&syoruiKanriNo=&s=S1005RKT,https://disclosure.edinet-fsa.go.jp/E01EW/download?uji.verb=W0EZA104CXP001003Action&uji.bean=ee.bean.parent.EECommonSearchBean&PID=W1E63011&SESSIONKEY=1550341265940&lgKbn=2&pkbn=0&skbn=1&dskb=&askb=&dflg=0&iflg=0&preId=1&mul=%E6%9D%B1%E4%BA%AC%E5%86%8D%E9%96%8B%E7%99%BA%E3%83%95%E3%82%A1%E3%83%B3%E3%83%89&fls=on&cal=1&era=H&yer=&mon=&pfs=5&row=100&idx=0&str=&kbn=1&flg=&syoruiKanriNo=&s=S1002WP7
T47312067/TSK,新日鉄住金株,"E10677 /
G05011",新日鉄住金グループ株式オープン,https://disclosure.edinet-fsa.go.jp/E01EW/download?uji.verb=W0EZA104CXP001003Action&uji.bean=ee.bean.parent.EECommonSearchBean&PID=W1E63011&SESSIONKEY=1550341312290&lgKbn=2&pkbn=0&skbn=1&dskb=&askb=&dflg=0&iflg=0&preId=1&mul=%E6%96%B0%E6%97%A5%E9%89%84%E4%BD%8F%E9%87%91%E3%82%B0%E3%83%AB%E3%83%BC%E3%83%97%E6%A0%AA%E5%BC%8F%E3%82%AA%E3%83%BC%E3%83%97%E3%83%B3&fls=on&cal=1&era=H&yer=&mon=&pfs=5&row=100&idx=0&str=&kbn=1&flg=&syoruiKanriNo=&s=S100EACU,https://disclosure.edinet-fsa.go.jp/E01EW/download?uji.verb=W0EZA104CXP001003Action&uji.bean=ee.bean.parent.EECommonSearchBean&PID=W1E63011&SESSIONKEY=1550341312290&lgKbn=2&pkbn=0&skbn=1&dskb=&askb=&dflg=0&iflg=0&preId=1&mul=%E6%96%B0%E6%97%A5%E9%89%84%E4%BD%8F%E9%87%91%E3%82%B0%E3%83%AB%E3%83%BC%E3%83%97%E6%A0%AA%E5%BC%8F%E3%82%AA%E3%83%BC%E3%83%97%E3%83%B3&fls=on&cal=1&era=H&yer=&mon=&pfs=5&row=100&idx=0&str=&kbn=1&flg=&syoruiKanriNo=&s=S100BJO8,https://disclosure.edinet-fsa.go.jp/E01EW/download?uji.verb=W0EZA104CXP001003Action&uji.bean=ee.bean.parent.EECommonSearchBean&PID=W1E63011&SESSIONKEY=1550341312290&lgKbn=2&pkbn=0&skbn=1&dskb=&askb=&dflg=0&iflg=0&preId=1&mul=%E6%96%B0%E6%97%A5%E9%89%84%E4%BD%8F%E9%87%91%E3%82%B0%E3%83%AB%E3%83%BC%E3%83%97%E6%A0%AA%E5%BC%8F%E3%82%AA%E3%83%BC%E3%83%97%E3%83%B3&fls=on&cal=1&era=H&yer=&mon=&pfs=5&row=100&idx=0&str=&kbn=1&flg=&syoruiKanriNo=&s=S1008WSA,https://disclosure.edinet-fsa.go.jp/E01EW/download?uji.verb=W0EZA104CXP001003Action&uji.bean=ee.bean.parent.EECommonSearchBean&PID=W1E63011&SESSIONKEY=1550341312290&lgKbn=2&pkbn=0&skbn=1&dskb=&askb=&dflg=0&iflg=0&preId=1&mul=%E6%96%B0%E6%97%A5%E9%89%84%E4%BD%8F%E9%87%91%E3%82%B0%E3%83%AB%E3%83%BC%E3%83%97%E6%A0%AA%E5%BC%8F%E3%82%AA%E3%83%BC%E3%83%97%E3%83%B3&fls=on&cal=1&era=H&yer=&mon=&pfs=5&row=100&idx=0&str=&kbn=1&flg=&syoruiKanriNo=&s=S1006584
T0331A002/TSK,ｼﾞｬﾊﾟﾆｰｽﾞ･,"E11518 /
G11040",ジャパニーズ・ドリーム・オープン,https://disclosure.edinet-fsa.go.jp/E01EW/download?uji.verb=W0EZA104CXP001003Action&uji.bean=ee.bean.parent.EECommonSearchBean&PID=W1E63011&SESSIONKEY=1550341362558&lgKbn=2&pkbn=0&skbn=1&dskb=&askb=&dflg=0&iflg=0&preId=1&mul=%E3%82%B8%E3%83%A3%E3%83%91%E3%83%8B%E3%83%BC%E3%82%BA%E3%83%BB%E3%83%89%E3%83%AA%E3%83%BC%E3%83%A0%E3%83%BB%E3%82%AA%E3%83%BC%E3%83%97%E3%83%B3&fls=on&cal=1&era=H&yer=&mon=&pfs=5&row=100&idx=0&str=&kbn=1&flg=&syoruiKanriNo=&s=S100ECI8,https://disclosure.edinet-fsa.go.jp/E01EW/download?uji.verb=W0EZA104CXP001003Action&uji.bean=ee.bean.parent.EECommonSearchBean&PID=W1E63011&SESSIONKEY=1550341362558&lgKbn=2&pkbn=0&skbn=1&dskb=&askb=&dflg=0&iflg=0&preId=1&mul=%E3%82%B8%E3%83%A3%E3%83%91%E3%83%8B%E3%83%BC%E3%82%BA%E3%83%BB%E3%83%89%E3%83%AA%E3%83%BC%E3%83%A0%E3%83%BB%E3%82%AA%E3%83%BC%E3%83%97%E3%83%B3&fls=on&cal=1&era=H&yer=&mon=&pfs=5&row=100&idx=0&str=&kbn=1&flg=&syoruiKanriNo=&s=S100BM4B,https://disclosure.edinet-fsa.go.jp/E01EW/download?uji.verb=W0EZA104CXP001003Action&uji.bean=ee.bean.parent.EECommonSearchBean&PID=W1E63011&SESSIONKEY=1550341362558&lgKbn=2&pkbn=0&skbn=1&dskb=&askb=&dflg=0&iflg=0&preId=1&mul=%E3%82%B8%E3%83%A3%E3%83%91%E3%83%8B%E3%83%BC%E3%82%BA%E3%83%BB%E3%83%89%E3%83%AA%E3%83%BC%E3%83%A0%E3%83%BB%E3%82%AA%E3%83%BC%E3%83%97%E3%83%B3&fls=on&cal=1&era=H&yer=&mon=&pfs=5&row=100&idx=0&str=&kbn=1&flg=&syoruiKanriNo=&s=S1008Y9A,https://disclosure.edinet-fsa.go.jp/E01EW/download?uji.verb=W0EZA104CXP001003Action&uji.bean=ee.bean.parent.EECommonSearchBean&PID=W1E63011&SESSIONKEY=1550341362558&lgKbn=2&pkbn=0&skbn=1&dskb=&askb=&dflg=0&iflg=0&preId=1&mul=%E3%82%B8%E3%83%A3%E3%83%91%E3%83%8B%E3%83%BC%E3%82%BA%E3%83%BB%E3%83%89%E3%83%AA%E3%83%BC%E3%83%A0%E3%83%BB%E3%82%AA%E3%83%BC%E3%83%97%E3%83%B3&fls=on&cal=1&era=H&yer=&mon=&pfs=5&row=100&idx=0&str=&kbn=1&flg=&syoruiKanriNo=&s=S1004LU1
T03312009/TSK,ﾌｧﾝﾄﾞ･ｵﾌﾞ･ｵｰ,"E11518 /
G01443",ファンド・オブ・オールスター・ファンズ,https://disclosure.edinet-fsa.go.jp/E01EW/download?uji.verb=W0EZA104CXP001003Action&uji.bean=ee.bean.parent.EECommonSearchBean&PID=W1E63011&SESSIONKEY=1550341415210&lgKbn=2&pkbn=0&skbn=1&dskb=&askb=&dflg=0&iflg=0&preId=1&mul=%E3%83%95%E3%82%A1%E3%83%B3%E3%83%89%E3%83%BB%E3%82%AA%E3%83%96%E3%83%BB%E3%82%AA%E3%83%BC%E3%83%AB%E3%82%B9%E3%82%BF%E3%83%BC%E3%83%BB%E3%83%95%E3%82%A1%E3%83%B3%E3%82%BA&fls=on&cal=1&era=H&yer=&mon=&pfs=5&row=100&idx=0&str=&kbn=1&flg=&syoruiKanriNo=&s=S100EN6R,https://disclosure.edinet-fsa.go.jp/E01EW/download?uji.verb=W0EZA104CXP001003Action&uji.bean=ee.bean.parent.EECommonSearchBean&PID=W1E63011&SESSIONKEY=1550341415210&lgKbn=2&pkbn=0&skbn=1&dskb=&askb=&dflg=0&iflg=0&preId=1&mul=%E3%83%95%E3%82%A1%E3%83%B3%E3%83%89%E3%83%BB%E3%82%AA%E3%83%96%E3%83%BB%E3%82%AA%E3%83%BC%E3%83%AB%E3%82%B9%E3%82%BF%E3%83%BC%E3%83%BB%E3%83%95%E3%82%A1%E3%83%B3%E3%82%BA&fls=on&cal=1&era=H&yer=&mon=&pfs=5&row=100&idx=0&str=&kbn=1&flg=&syoruiKanriNo=&s=S100BSI6,https://disclosure.edinet-fsa.go.jp/E01EW/download?uji.verb=W0EZA104CXP001003Action&uji.bean=ee.bean.parent.EECommonSearchBean&PID=W1E63011&SESSIONKEY=1550341415210&lgKbn=2&pkbn=0&skbn=1&dskb=&askb=&dflg=0&iflg=0&preId=1&mul=%E3%83%95%E3%82%A1%E3%83%B3%E3%83%89%E3%83%BB%E3%82%AA%E3%83%96%E3%83%BB%E3%82%AA%E3%83%BC%E3%83%AB%E3%82%B9%E3%82%BF%E3%83%BC%E3%83%BB%E3%83%95%E3%82%A1%E3%83%B3%E3%82%BA&fls=on&cal=1&era=H&yer=&mon=&pfs=5&row=100&idx=0&str=&kbn=1&flg=&syoruiKanriNo=&s=S1009ABY,https://disclosure.edinet-fsa.go.jp/E01EW/download?uji.verb=W0EZA104CXP001003Action&uji.bean=ee.bean.parent.EECommonSearchBean&PID=W1E63011&SESSIONKEY=1550341415210&lgKbn=2&pkbn=0&skbn=1&dskb=&askb=&dflg=0&iflg=0&preId=1&mul=%E3%83%95%E3%82%A1%E3%83%B3%E3%83%89%E3%83%BB%E3%82%AA%E3%83%96%E3%83%BB%E3%82%AA%E3%83%BC%E3%83%AB%E3%82%B9%E3%82%BF%E3%83%BC%E3%83%BB%E3%83%95%E3%82%A1%E3%83%B3%E3%82%BA&fls=on&cal=1&era=H&yer=&mon=&pfs=5&row=100&idx=0&str=&kbn=1&flg=&syoruiKanriNo=&s=S1006KD2,https://disclosure.edinet-fsa.go.jp/E01EW/download?uji.verb=W0EZA104CXP001003Action&uji.bean=ee.bean.parent.EECommonSearchBean&PID=W1E63011&SESSIONKEY=1550341415210&lgKbn=2&pkbn=0&skbn=1&dskb=&askb=&dflg=0&iflg=0&preId=1&mul=%E3%83%95%E3%82%A1%E3%83%B3%E3%83%89%E3%83%BB%E3%82%AA%E3%83%96%E3%83%BB%E3%82%AA%E3%83%BC%E3%83%AB%E3%82%B9%E3%82%BF%E3%83%BC%E3%83%BB%E3%83%95%E3%82%A1%E3%83%B3%E3%82%BA&fls=on&cal=1&era=H&yer=&mon=&pfs=5&row=100&idx=0&str=&kbn=1&flg=&syoruiKanriNo=&s=S1003PU4
T04312074/TSK,ｾﾚｸﾄ日本,"E06748 /
G05334",ダイワ・セレクト日本,https://disclosure.edinet-fsa.go.jp/E01EW/download?uji.verb=W0EZA104CXP001003Action&uji.bean=ee.bean.parent.EECommonSearchBean&PID=W1E63011&SESSIONKEY=1550341463465&lgKbn=2&pkbn=0&skbn=1&dskb=&askb=&dflg=0&iflg=0&preId=1&mul=%E3%83%80%E3%82%A4%E3%83%AF%E3%83%BB%E3%82%BB%E3%83%AC%E3%82%AF%E3%83%88%E6%97%A5%E6%9C%AC&fls=on&cal=1&era=H&yer=&mon=&pfs=5&row=100&idx=0&str=&kbn=1&flg=&syoruiKanriNo=&s=S100EUES,https://disclosure.edinet-fsa.go.jp/E01EW/download?uji.verb=W0EZA104CXP001003Action&uji.bean=ee.bean.parent.EECommonSearchBean&PID=W1E63011&SESSIONKEY=1550341463465&lgKbn=2&pkbn=0&skbn=1&dskb=&askb=&dflg=0&iflg=0&preId=1&mul=%E3%83%80%E3%82%A4%E3%83%AF%E3%83%BB%E3%82%BB%E3%83%AC%E3%82%AF%E3%83%88%E6%97%A5%E6%9C%AC&fls=on&cal=1&era=H&yer=&mon=&pfs=5&row=100&idx=0&str=&kbn=1&flg=&syoruiKanriNo=&s=S100C2AV,https://disclosure.edinet-fsa.go.jp/E01EW/download?uji.verb=W0EZA104CXP001003Action&uji.bean=ee.bean.parent.EECommonSearchBean&PID=W1E63011&SESSIONKEY=1550341463465&lgKbn=2&pkbn=0&skbn=1&dskb=&askb=&dflg=0&iflg=0&preId=1&mul=%E3%83%80%E3%82%A4%E3%83%AF%E3%83%BB%E3%82%BB%E3%83%AC%E3%82%AF%E3%83%88%E6%97%A5%E6%9C%AC&fls=on&cal=1&era=H&yer=&mon=&pfs=5&row=100&idx=0&str=&kbn=1&flg=&syoruiKanriNo=&s=S1009CKI,https://disclosure.edinet-fsa.go.jp/E01EW/download?uji.verb=W0EZA104CXP001003Action&uji.bean=ee.bean.parent.EECommonSearchBean&PID=W1E63011&SESSIONKEY=1550341463465&lgKbn=2&pkbn=0&skbn=1&dskb=&askb=&dflg=0&iflg=0&preId=1&mul=%E3%83%80%E3%82%A4%E3%83%AF%E3%83%BB%E3%82%BB%E3%83%AC%E3%82%AF%E3%83%88%E6%97%A5%E6%9C%AC&fls=on&cal=1&era=H&yer=&mon=&pfs=5&row=100&idx=0&str=&kbn=1&flg=&syoruiKanriNo=&s=S1006NEA,https://disclosure.edinet-fsa.go.jp/E01EW/download?uji.verb=W0EZA104CXP001003Action&uji.bean=ee.bean.parent.EECommonSearchBean&PID=W1E63011&SESSIONKEY=1550341463465&lgKbn=2&pkbn=0&skbn=1&dskb=&askb=&dflg=0&iflg=0&preId=1&mul=%E3%83%80%E3%82%A4%E3%83%AF%E3%83%BB%E3%82%BB%E3%83%AC%E3%82%AF%E3%83%88%E6%97%A5%E6%9C%AC&fls=on&cal=1&era=H&yer=&mon=&pfs=5&row=100&idx=0&str=&kbn=1&flg=&syoruiKanriNo=&s=S1003RU4
T17311038/TSK,ﾃﾞｨｽｶﾊﾞﾘｰ,"E06264 /
G03711",ＪＰＭジャパン・ディスカバリー・ファンド,https://disclosure.edinet-fsa.go.jp/E01EW/download?uji.verb=W0EZA104CXP001003Action&uji.bean=ee.bean.parent.EECommonSearchBean&PID=W1E63011&SESSIONKEY=1550341508939&lgKbn=2&pkbn=0&skbn=1&dskb=&askb=&dflg=0&iflg=0&preId=1&mul=%EF%BC%AA%EF%BC%B0%EF%BC%AD%E3%82%B8%E3%83%A3%E3%83%91%E3%83%B3%E3%83%BB%E3%83%87%E3%82%A3%E3%82%B9%E3%82%AB%E3%83%90%E3%83%AA%E3%83%BC%E3%83%BB%E3%83%95%E3%82%A1%E3%83%B3%E3%83%89&fls=on&cal=1&era=H&yer=&mon=&pfs=5&row=100&idx=0&str=&kbn=1&flg=&syoruiKanriNo=&s=S100EL30,https://disclosure.edinet-fsa.go.jp/E01EW/download?uji.verb=W0EZA104CXP001003Action&uji.bean=ee.bean.parent.EECommonSearchBean&PID=W1E63011&SESSIONKEY=1550341508939&lgKbn=2&pkbn=0&skbn=1&dskb=&askb=&dflg=0&iflg=0&preId=1&mul=%EF%BC%AA%EF%BC%B0%EF%BC%AD%E3%82%B8%E3%83%A3%E3%83%91%E3%83%B3%E3%83%BB%E3%83%87%E3%82%A3%E3%82%B9%E3%82%AB%E3%83%90%E3%83%AA%E3%83%BC%E3%83%BB%E3%83%95%E3%82%A1%E3%83%B3%E3%83%89&fls=on&cal=1&era=H&yer=&mon=&pfs=5&row=100&idx=0&str=&kbn=1&flg=&syoruiKanriNo=&s=S100BS3S,https://disclosure.edinet-fsa.go.jp/E01EW/download?uji.verb=W0EZA104CXP001003Action&uji.bean=ee.bean.parent.EECommonSearchBean&PID=W1E63011&SESSIONKEY=1550341508939&lgKbn=2&pkbn=0&skbn=1&dskb=&askb=&dflg=0&iflg=0&preId=1&mul=%EF%BC%AA%EF%BC%B0%EF%BC%AD%E3%82%B8%E3%83%A3%E3%83%91%E3%83%B3%E3%83%BB%E3%83%87%E3%82%A3%E3%82%B9%E3%82%AB%E3%83%90%E3%83%AA%E3%83%BC%E3%83%BB%E3%83%95%E3%82%A1%E3%83%B3%E3%83%89&fls=on&cal=1&era=H&yer=&mon=&pfs=5&row=100&idx=0&str=&kbn=1&flg=&syoruiKanriNo=&s=S10095VU,https://disclosure.edinet-fsa.go.jp/E01EW/download?uji.verb=W0EZA104CXP001003Action&uji.bean=ee.bean.parent.EECommonSearchBean&PID=W1E63011&SESSIONKEY=1550341508939&lgKbn=2&pkbn=0&skbn=1&dskb=&askb=&dflg=0&iflg=0&preId=1&mul=%EF%BC%AA%EF%BC%B0%EF%BC%AD%E3%82%B8%E3%83%A3%E3%83%91%E3%83%B3%E3%83%BB%E3%83%87%E3%82%A3%E3%82%B9%E3%82%AB%E3%83%90%E3%83%AA%E3%83%BC%E3%83%BB%E3%83%95%E3%82%A1%E3%83%B3%E3%83%89&fls=on&cal=1&era=H&yer=&mon=&pfs=5&row=100&idx=0&str=&kbn=1&flg=&syoruiKanriNo=&s=S1006DXT
T22314144/TSK,ｱﾙﾌｧ･ｶﾙﾃｯﾄ,"E12454 /
G10361",日本株アルファ・カルテット(毎月分配型),https://disclosure.edinet-fsa.go.jp/E01EW/download?uji.verb=W0EZA104CXP001003Action&uji.bean=ee.bean.parent.EECommonSearchBean&PID=W1E63011&SESSIONKEY=1550341557482&lgKbn=2&pkbn=0&skbn=1&dskb=&askb=&dflg=0&iflg=0&preId=1&mul=%E6%97%A5%E6%9C%AC%E6%A0%AA%E3%82%A2%E3%83%AB%E3%83%95%E3%82%A1%E3%83%BB%E3%82%AB%E3%83%AB%E3%83%86%E3%83%83%E3%83%88%28%E6%AF%8E%E6%9C%88%E5%88%86%E9%85%8D%E5%9E%8B%29&fls=on&cal=1&era=H&yer=&mon=&pfs=5&row=100&idx=0&str=&kbn=1&flg=&syoruiKanriNo=&s=S100ELKB,https://disclosure.edinet-fsa.go.jp/E01EW/download?uji.verb=W0EZA104CXP001003Action&uji.bean=ee.bean.parent.EECommonSearchBean&PID=W1E63011&SESSIONKEY=1550341557482&lgKbn=2&pkbn=0&skbn=1&dskb=&askb=&dflg=0&iflg=0&preId=1&mul=%E6%97%A5%E6%9C%AC%E6%A0%AA%E3%82%A2%E3%83%AB%E3%83%95%E3%82%A1%E3%83%BB%E3%82%AB%E3%83%AB%E3%83%86%E3%83%83%E3%83%88%28%E6%AF%8E%E6%9C%88%E5%88%86%E9%85%8D%E5%9E%8B%29&fls=on&cal=1&era=H&yer=&mon=&pfs=5&row=100&idx=0&str=&kbn=1&flg=&syoruiKanriNo=&s=S100BUEY,https://disclosure.edinet-fsa.go.jp/E01EW/download?uji.verb=W0EZA104CXP001003Action&uji.bean=ee.bean.parent.EECommonSearchBean&PID=W1E63011&SESSIONKEY=1550341557482&lgKbn=2&pkbn=0&skbn=1&dskb=&askb=&dflg=0&iflg=0&preId=1&mul=%E6%97%A5%E6%9C%AC%E6%A0%AA%E3%82%A2%E3%83%AB%E3%83%95%E3%82%A1%E3%83%BB%E3%82%AB%E3%83%AB%E3%83%86%E3%83%83%E3%83%88%28%E6%AF%8E%E6%9C%88%E5%88%86%E9%85%8D%E5%9E%8B%29&fls=on&cal=1&era=H&yer=&mon=&pfs=5&row=100&idx=0&str=&kbn=1&flg=&syoruiKanriNo=&s=S100970J,https://disclosure.edinet-fsa.go.jp/E01EW/download?uji.verb=W0EZA104CXP001003Action&uji.bean=ee.bean.parent.EECommonSearchBean&PID=W1E63011&SESSIONKEY=1550341557482&lgKbn=2&pkbn=0&skbn=1&dskb=&askb=&dflg=0&iflg=0&preId=1&mul=%E6%97%A5%E6%9C%AC%E6%A0%AA%E3%82%A2%E3%83%AB%E3%83%95%E3%82%A1%E3%83%BB%E3%82%AB%E3%83%AB%E3%83%86%E3%83%83%E3%83%88%28%E6%AF%8E%E6%9C%88%E5%88%86%E9%85%8D%E5%9E%8B%29&fls=on&cal=1&era=H&yer=&mon=&pfs=5&row=100&idx=0&str=&kbn=1&flg=&syoruiKanriNo=&s=S1006GVS,https://disclosure.edinet-fsa.go.jp/E01EW/download?uji.verb=W0EZA104CXP001003Action&uji.bean=ee.bean.parent.EECommonSearchBean&PID=W1E63011&SESSIONKEY=1550341557482&lgKbn=2&pkbn=0&skbn=1&dskb=&askb=&dflg=0&iflg=0&preId=1&mul=%E6%97%A5%E6%9C%AC%E6%A0%AA%E3%82%A2%E3%83%AB%E3%83%95%E3%82%A1%E3%83%BB%E3%82%AB%E3%83%AB%E3%83%86%E3%83%83%E3%83%88%28%E6%AF%8E%E6%9C%88%E5%88%86%E9%85%8D%E5%9E%8B%29&fls=on&cal=1&era=H&yer=&mon=&pfs=5&row=100&idx=0&str=&kbn=1&flg=&syoruiKanriNo=&s=S1003JTY
T22314163/TSK,ｱﾙﾌｧ･ｶﾙﾃｯﾄY2,"E12454 /
G11617",日本株アルファ・カルテット(年２回決算型),https://disclosure.edinet-fsa.go.jp/E01EW/download?uji.verb=W0EZA104CXP001003Action&uji.bean=ee.bean.parent.EECommonSearchBean&PID=W1E63011&SESSIONKEY=1550341604200&lgKbn=2&pkbn=0&skbn=1&dskb=&askb=&dflg=0&iflg=0&preId=1&mul=%E6%97%A5%E6%9C%AC%E6%A0%AA%E3%82%A2%E3%83%AB%E3%83%95%E3%82%A1%E3%83%BB%E3%82%AB%E3%83%AB%E3%83%86%E3%83%83%E3%83%88%28%E5%B9%B4%EF%BC%92%E5%9B%9E%E6%B1%BA%E7%AE%97%E5%9E%8B%29&fls=on&cal=1&era=H&yer=&mon=&pfs=5&row=100&idx=0&str=&kbn=1&flg=&syoruiKanriNo=&s=S100EMCO,https://disclosure.edinet-fsa.go.jp/E01EW/download?uji.verb=W0EZA104CXP001003Action&uji.bean=ee.bean.parent.EECommonSearchBean&PID=W1E63011&SESSIONKEY=1550341604200&lgKbn=2&pkbn=0&skbn=1&dskb=&askb=&dflg=0&iflg=0&preId=1&mul=%E6%97%A5%E6%9C%AC%E6%A0%AA%E3%82%A2%E3%83%AB%E3%83%95%E3%82%A1%E3%83%BB%E3%82%AB%E3%83%AB%E3%83%86%E3%83%83%E3%83%88%28%E5%B9%B4%EF%BC%92%E5%9B%9E%E6%B1%BA%E7%AE%97%E5%9E%8B%29&fls=on&cal=1&era=H&yer=&mon=&pfs=5&row=100&idx=0&str=&kbn=1&flg=&syoruiKanriNo=&s=S100BU8I,https://disclosure.edinet-fsa.go.jp/E01EW/download?uji.verb=W0EZA104CXP001003Action&uji.bean=ee.bean.parent.EECommonSearchBean&PID=W1E63011&SESSIONKEY=1550341604200&lgKbn=2&pkbn=0&skbn=1&dskb=&askb=&dflg=0&iflg=0&preId=1&mul=%E6%97%A5%E6%9C%AC%E6%A0%AA%E3%82%A2%E3%83%AB%E3%83%95%E3%82%A1%E3%83%BB%E3%82%AB%E3%83%AB%E3%83%86%E3%83%83%E3%83%88%28%E5%B9%B4%EF%BC%92%E5%9B%9E%E6%B1%BA%E7%AE%97%E5%9E%8B%29&fls=on&cal=1&era=H&yer=&mon=&pfs=5&row=100&idx=0&str=&kbn=1&flg=&syoruiKanriNo=&s=S10097SW
T0331211I/TSK,成長株ｼﾞｬﾊﾟﾝ,"E11518 /
G10991",成長株ジャパン・オープン,https://disclosure.edinet-fsa.go.jp/E01EW/download?uji.verb=W0EZA104CXP001003Action&uji.bean=ee.bean.parent.EECommonSearchBean&PID=W1E63011&SESSIONKEY=1550341647424&lgKbn=2&pkbn=0&skbn=1&dskb=&askb=&dflg=0&iflg=0&preId=1&mul=%E6%88%90%E9%95%B7%E6%A0%AA%E3%82%B8%E3%83%A3%E3%83%91%E3%83%B3%E3%83%BB%E3%82%AA%E3%83%BC%E3%83%97%E3%83%B3&fls=on&cal=1&era=H&yer=&mon=&pfs=5&row=100&idx=0&str=&kbn=1&flg=&syoruiKanriNo=&s=S100EUZ8,https://disclosure.edinet-fsa.go.jp/E01EW/download?uji.verb=W0EZA104CXP001003Action&uji.bean=ee.bean.parent.EECommonSearchBean&PID=W1E63011&SESSIONKEY=1550341647424&lgKbn=2&pkbn=0&skbn=1&dskb=&askb=&dflg=0&iflg=0&preId=1&mul=%E6%88%90%E9%95%B7%E6%A0%AA%E3%82%B8%E3%83%A3%E3%83%91%E3%83%B3%E3%83%BB%E3%82%AA%E3%83%BC%E3%83%97%E3%83%B3&fls=on&cal=1&era=H&yer=&mon=&pfs=5&row=100&idx=0&str=&kbn=1&flg=&syoruiKanriNo=&s=S100D7IL,https://disclosure.edinet-fsa.go.jp/E01EW/download?uji.verb=W0EZA104CXP001003Action&uji.bean=ee.bean.parent.EECommonSearchBean&PID=W1E63011&SESSIONKEY=1550341647424&lgKbn=2&pkbn=0&skbn=1&dskb=&askb=&dflg=0&iflg=0&preId=1&mul=%E6%88%90%E9%95%B7%E6%A0%AA%E3%82%B8%E3%83%A3%E3%83%91%E3%83%B3%E3%83%BB%E3%82%AA%E3%83%BC%E3%83%97%E3%83%B3&fls=on&cal=1&era=H&yer=&mon=&pfs=5&row=100&idx=0&str=&kbn=1&flg=&syoruiKanriNo=&s=S100C1IQ,https://disclosure.edinet-fsa.go.jp/E01EW/download?uji.verb=W0EZA104CXP001003Action&uji.bean=ee.bean.parent.EECommonSearchBean&PID=W1E63011&SESSIONKEY=1550341647424&lgKbn=2&pkbn=0&skbn=1&dskb=&askb=&dflg=0&iflg=0&preId=1&mul=%E6%88%90%E9%95%B7%E6%A0%AA%E3%82%B8%E3%83%A3%E3%83%91%E3%83%B3%E3%83%BB%E3%82%AA%E3%83%BC%E3%83%97%E3%83%B3&fls=on&cal=1&era=H&yer=&mon=&pfs=5&row=100&idx=0&str=&kbn=1&flg=&syoruiKanriNo=&s=S100AWEW,https://disclosure.edinet-fsa.go.jp/E01EW/download?uji.verb=W0EZA104CXP001003Action&uji.bean=ee.bean.parent.EECommonSearchBean&PID=W1E63011&SESSIONKEY=1550341647424&lgKbn=2&pkbn=0&skbn=1&dskb=&askb=&dflg=0&iflg=0&preId=1&mul=%E6%88%90%E9%95%B7%E6%A0%AA%E3%82%B8%E3%83%A3%E3%83%91%E3%83%B3%E3%83%BB%E3%82%AA%E3%83%BC%E3%83%97%E3%83%B3&fls=on&cal=1&era=H&yer=&mon=&pfs=5&row=100&idx=0&str=&kbn=1&flg=&syoruiKanriNo=&s=S1009EEC
T04312139/TSK,ﾀﾞｲﾜ･ﾄｯﾌﾟ,"E06748 /
G09473",ダイワ・トップ・オブ・ジャパン,https://disclosure.edinet-fsa.go.jp/E01EW/download?uji.verb=W0EZA104CXP001003Action&uji.bean=ee.bean.parent.EECommonSearchBean&PID=W1E63011&SESSIONKEY=1550341695338&lgKbn=2&pkbn=0&skbn=1&dskb=&askb=&dflg=0&iflg=0&preId=1&mul=%E3%83%80%E3%82%A4%E3%83%AF%E3%83%BB%E3%83%88%E3%83%83%E3%83%97%E3%83%BB%E3%82%AA%E3%83%96%E3%83%BB%E3%82%B8%E3%83%A3%E3%83%91%E3%83%B3&fls=on&cal=1&era=H&yer=&mon=&pfs=5&row=100&idx=0&str=&kbn=1&flg=&syoruiKanriNo=&s=S100EP3I,https://disclosure.edinet-fsa.go.jp/E01EW/download?uji.verb=W0EZA104CXP001003Action&uji.bean=ee.bean.parent.EECommonSearchBean&PID=W1E63011&SESSIONKEY=1550341695338&lgKbn=2&pkbn=0&skbn=1&dskb=&askb=&dflg=0&iflg=0&preId=1&mul=%E3%83%80%E3%82%A4%E3%83%AF%E3%83%BB%E3%83%88%E3%83%83%E3%83%97%E3%83%BB%E3%82%AA%E3%83%96%E3%83%BB%E3%82%B8%E3%83%A3%E3%83%91%E3%83%B3&fls=on&cal=1&era=H&yer=&mon=&pfs=5&row=100&idx=0&str=&kbn=1&flg=&syoruiKanriNo=&s=S100D4D0,https://disclosure.edinet-fsa.go.jp/E01EW/download?uji.verb=W0EZA104CXP001003Action&uji.bean=ee.bean.parent.EECommonSearchBean&PID=W1E63011&SESSIONKEY=1550341695338&lgKbn=2&pkbn=0&skbn=1&dskb=&askb=&dflg=0&iflg=0&preId=1&mul=%E3%83%80%E3%82%A4%E3%83%AF%E3%83%BB%E3%83%88%E3%83%83%E3%83%97%E3%83%BB%E3%82%AA%E3%83%96%E3%83%BB%E3%82%B8%E3%83%A3%E3%83%91%E3%83%B3&fls=on&cal=1&era=H&yer=&mon=&pfs=5&row=100&idx=0&str=&kbn=1&flg=&syoruiKanriNo=&s=S100BXCF,https://disclosure.edinet-fsa.go.jp/E01EW/download?uji.verb=W0EZA104CXP001003Action&uji.bean=ee.bean.parent.EECommonSearchBean&PID=W1E63011&SESSIONKEY=1550341695338&lgKbn=2&pkbn=0&skbn=1&dskb=&askb=&dflg=0&iflg=0&preId=1&mul=%E3%83%80%E3%82%A4%E3%83%AF%E3%83%BB%E3%83%88%E3%83%83%E3%83%97%E3%83%BB%E3%82%AA%E3%83%96%E3%83%BB%E3%82%B8%E3%83%A3%E3%83%91%E3%83%B3&fls=on&cal=1&era=H&yer=&mon=&pfs=5&row=100&idx=0&str=&kbn=1&flg=&syoruiKanriNo=&s=S100ABZF,https://disclosure.edinet-fsa.go.jp/E01EW/download?uji.verb=W0EZA104CXP001003Action&uji.bean=ee.bean.parent.EECommonSearchBean&PID=W1E63011&SESSIONKEY=1550341695338&lgKbn=2&pkbn=0&skbn=1&dskb=&askb=&dflg=0&iflg=0&preId=1&mul=%E3%83%80%E3%82%A4%E3%83%AF%E3%83%BB%E3%83%88%E3%83%83%E3%83%97%E3%83%BB%E3%82%AA%E3%83%96%E3%83%BB%E3%82%B8%E3%83%A3%E3%83%91%E3%83%B3&fls=on&cal=1&era=H&yer=&mon=&pfs=5&row=100&idx=0&str=&kbn=1&flg=&syoruiKanriNo=&s=S10099KR
T04313943/TSK,大和ﾍﾞｽﾄﾁｮ,"E06748 /
G01889",大和ベストチョイス・オープン,https://disclosure.edinet-fsa.go.jp/E01EW/download?uji.verb=W0EZA104CXP001003Action&uji.bean=ee.bean.parent.EECommonSearchBean&PID=W1E63011&SESSIONKEY=1550341741662&lgKbn=2&pkbn=0&skbn=1&dskb=&askb=&dflg=0&iflg=0&preId=1&mul=%E5%A4%A7%E5%92%8C%E3%83%99%E3%82%B9%E3%83%88%E3%83%81%E3%83%A7%E3%82%A4%E3%82%B9%E3%83%BB%E3%82%AA%E3%83%BC%E3%83%97%E3%83%B3&fls=on&cal=1&era=H&yer=&mon=&pfs=5&row=100&idx=0&str=&kbn=1&flg=&syoruiKanriNo=&s=S100ERD9,https://disclosure.edinet-fsa.go.jp/E01EW/download?uji.verb=W0EZA104CXP001003Action&uji.bean=ee.bean.parent.EECommonSearchBean&PID=W1E63011&SESSIONKEY=1550341741662&lgKbn=2&pkbn=0&skbn=1&dskb=&askb=&dflg=0&iflg=0&preId=1&mul=%E5%A4%A7%E5%92%8C%E3%83%99%E3%82%B9%E3%83%88%E3%83%81%E3%83%A7%E3%82%A4%E3%82%B9%E3%83%BB%E3%82%AA%E3%83%BC%E3%83%97%E3%83%B3&fls=on&cal=1&era=H&yer=&mon=&pfs=5&row=100&idx=0&str=&kbn=1&flg=&syoruiKanriNo=&s=S100BXTQ,https://disclosure.edinet-fsa.go.jp/E01EW/download?uji.verb=W0EZA104CXP001003Action&uji.bean=ee.bean.parent.EECommonSearchBean&PID=W1E63011&SESSIONKEY=1550341741662&lgKbn=2&pkbn=0&skbn=1&dskb=&askb=&dflg=0&iflg=0&preId=1&mul=%E5%A4%A7%E5%92%8C%E3%83%99%E3%82%B9%E3%83%88%E3%83%81%E3%83%A7%E3%82%A4%E3%82%B9%E3%83%BB%E3%82%AA%E3%83%BC%E3%83%97%E3%83%B3&fls=on&cal=1&era=H&yer=&mon=&pfs=5&row=100&idx=0&str=&kbn=1&flg=&syoruiKanriNo=&s=S1009ALM,https://disclosure.edinet-fsa.go.jp/E01EW/download?uji.verb=W0EZA104CXP001003Action&uji.bean=ee.bean.parent.EECommonSearchBean&PID=W1E63011&SESSIONKEY=1550341741662&lgKbn=2&pkbn=0&skbn=1&dskb=&askb=&dflg=0&iflg=0&preId=1&mul=%E5%A4%A7%E5%92%8C%E3%83%99%E3%82%B9%E3%83%88%E3%83%81%E3%83%A7%E3%82%A4%E3%82%B9%E3%83%BB%E3%82%AA%E3%83%BC%E3%83%97%E3%83%B3&fls=on&cal=1&era=H&yer=&mon=&pfs=5&row=100&idx=0&str=&kbn=1&flg=&syoruiKanriNo=&s=S1004WZK
T32312984/TSK,日本小型株,"E12481 /
G01830",フィデリティ・日本小型株・ファンド,https://disclosure.edinet-fsa.go.jp/E01EW/download?uji.verb=W0EZA104CXP001003Action&uji.bean=ee.bean.parent.EECommonSearchBean&PID=W1E63011&SESSIONKEY=1550341811018&lgKbn=2&pkbn=0&skbn=1&dskb=&askb=&dflg=0&iflg=0&preId=1&mul=%E3%83%95%E3%82%A3%E3%83%87%E3%83%AA%E3%83%86%E3%82%A3%E3%83%BB%E6%97%A5%E6%9C%AC%E5%B0%8F%E5%9E%8B%E6%A0%AA%E3%83%BB%E3%83%95%E3%82%A1%E3%83%B3%E3%83%89&fls=on&cal=1&era=H&yer=&mon=&pfs=5&row=100&idx=0&str=&kbn=1&flg=&syoruiKanriNo=&s=S100DZQ7,https://disclosure.edinet-fsa.go.jp/E01EW/download?uji.verb=W0EZA104CXP001003Action&uji.bean=ee.bean.parent.EECommonSearchBean&PID=W1E63011&SESSIONKEY=1550341811018&lgKbn=2&pkbn=0&skbn=1&dskb=&askb=&dflg=0&iflg=0&preId=1&mul=%E3%83%95%E3%82%A3%E3%83%87%E3%83%AA%E3%83%86%E3%82%A3%E3%83%BB%E6%97%A5%E6%9C%AC%E5%B0%8F%E5%9E%8B%E6%A0%AA%E3%83%BB%E3%83%95%E3%82%A1%E3%83%B3%E3%83%89&fls=on&cal=1&era=H&yer=&mon=&pfs=5&row=100&idx=0&str=&kbn=1&flg=&syoruiKanriNo=&s=S100B7US,https://disclosure.edinet-fsa.go.jp/E01EW/download?uji.verb=W0EZA104CXP001003Action&uji.bean=ee.bean.parent.EECommonSearchBean&PID=W1E63011&SESSIONKEY=1550341811018&lgKbn=2&pkbn=0&skbn=1&dskb=&askb=&dflg=0&iflg=0&preId=1&mul=%E3%83%95%E3%82%A3%E3%83%87%E3%83%AA%E3%83%86%E3%82%A3%E3%83%BB%E6%97%A5%E6%9C%AC%E5%B0%8F%E5%9E%8B%E6%A0%AA%E3%83%BB%E3%83%95%E3%82%A1%E3%83%B3%E3%83%89&fls=on&cal=1&era=H&yer=&mon=&pfs=5&row=100&idx=0&str=&kbn=1&flg=&syoruiKanriNo=&s=S1008JK6,https://disclosure.edinet-fsa.go.jp/E01EW/download?uji.verb=W0EZA104CXP001003Action&uji.bean=ee.bean.parent.EECommonSearchBean&PID=W1E63011&SESSIONKEY=1550341811018&lgKbn=2&pkbn=0&skbn=1&dskb=&askb=&dflg=0&iflg=0&preId=1&mul=%E3%83%95%E3%82%A3%E3%83%87%E3%83%AA%E3%83%86%E3%82%A3%E3%83%BB%E6%97%A5%E6%9C%AC%E5%B0%8F%E5%9E%8B%E6%A0%AA%E3%83%BB%E3%83%95%E3%82%A1%E3%83%B3%E3%83%89&fls=on&cal=1&era=H&yer=&mon=&pfs=5&row=100&idx=0&str=&kbn=1&flg=&syoruiKanriNo=&s=S10045DH
T0431199C/TSK,新世代成長,"E06748 /
G01221",新世代成長株ファンド,https://disclosure.edinet-fsa.go.jp/E01EW/download?uji.verb=W0EZA104CXP001003Action&uji.bean=ee.bean.parent.EECommonSearchBean&PID=W1E63011&SESSIONKEY=1550341859669&lgKbn=2&pkbn=0&skbn=1&dskb=&askb=&dflg=0&iflg=0&preId=1&mul=%E6%96%B0%E4%B8%96%E4%BB%A3%E6%88%90%E9%95%B7%E6%A0%AA%E3%83%95%E3%82%A1%E3%83%B3%E3%83%89&fls=on&cal=1&era=H&yer=&mon=&pfs=5&row=100&idx=0&str=&kbn=1&flg=&syoruiKanriNo=&s=S100E1FR,https://disclosure.edinet-fsa.go.jp/E01EW/download?uji.verb=W0EZA104CXP001003Action&uji.bean=ee.bean.parent.EECommonSearchBean&PID=W1E63011&SESSIONKEY=1550341859669&lgKbn=2&pkbn=0&skbn=1&dskb=&askb=&dflg=0&iflg=0&preId=1&mul=%E6%96%B0%E4%B8%96%E4%BB%A3%E6%88%90%E9%95%B7%E6%A0%AA%E3%83%95%E3%82%A1%E3%83%B3%E3%83%89&fls=on&cal=1&era=H&yer=&mon=&pfs=5&row=100&idx=0&str=&kbn=1&flg=&syoruiKanriNo=&s=S100B8II,https://disclosure.edinet-fsa.go.jp/E01EW/download?uji.verb=W0EZA104CXP001003Action&uji.bean=ee.bean.parent.EECommonSearchBean&PID=W1E63011&SESSIONKEY=1550341859669&lgKbn=2&pkbn=0&skbn=1&dskb=&askb=&dflg=0&iflg=0&preId=1&mul=%E6%96%B0%E4%B8%96%E4%BB%A3%E6%88%90%E9%95%B7%E6%A0%AA%E3%83%95%E3%82%A1%E3%83%B3%E3%83%89&fls=on&cal=1&era=H&yer=&mon=&pfs=5&row=100&idx=0&str=&kbn=1&flg=&syoruiKanriNo=&s=S1008LDI,https://disclosure.edinet-fsa.go.jp/E01EW/download?uji.verb=W0EZA104CXP001003Action&uji.bean=ee.bean.parent.EECommonSearchBean&PID=W1E63011&SESSIONKEY=1550341859669&lgKbn=2&pkbn=0&skbn=1&dskb=&askb=&dflg=0&iflg=0&preId=1&mul=%E6%96%B0%E4%B8%96%E4%BB%A3%E6%88%90%E9%95%B7%E6%A0%AA%E3%83%95%E3%82%A1%E3%83%B3%E3%83%89&fls=on&cal=1&era=H&yer=&mon=&pfs=5&row=100&idx=0&str=&kbn=1&flg=&syoruiKanriNo=&s=S1004866
T04311027/TSK,ﾀﾞｲﾜ日本株,"E06748 /
G03362",ダイワ日本株オープン,https://disclosure.edinet-fsa.go.jp/E01EW/download?uji.verb=W0EZA104CXP001003Action&uji.bean=ee.bean.parent.EECommonSearchBean&PID=W1E63011&SESSIONKEY=1550341908150&lgKbn=2&pkbn=0&skbn=1&dskb=&askb=&dflg=0&iflg=0&preId=1&mul=%E3%83%80%E3%82%A4%E3%83%AF%E6%97%A5%E6%9C%AC%E6%A0%AA%E3%82%AA%E3%83%BC%E3%83%97%E3%83%B3&fls=on&cal=1&era=H&yer=&mon=&pfs=5&row=100&idx=0&str=&kbn=1&flg=&syoruiKanriNo=&s=S100E7UG,https://disclosure.edinet-fsa.go.jp/E01EW/download?uji.verb=W0EZA104CXP001003Action&uji.bean=ee.bean.parent.EECommonSearchBean&PID=W1E63011&SESSIONKEY=1550341908150&lgKbn=2&pkbn=0&skbn=1&dskb=&askb=&dflg=0&iflg=0&preId=1&mul=%E3%83%80%E3%82%A4%E3%83%AF%E6%97%A5%E6%9C%AC%E6%A0%AA%E3%82%AA%E3%83%BC%E3%83%97%E3%83%B3&fls=on&cal=1&era=H&yer=&mon=&pfs=5&row=100&idx=0&str=&kbn=1&flg=&syoruiKanriNo=&s=S100BDVX,https://disclosure.edinet-fsa.go.jp/E01EW/download?uji.verb=W0EZA104CXP001003Action&uji.bean=ee.bean.parent.EECommonSearchBean&PID=W1E63011&SESSIONKEY=1550341908150&lgKbn=2&pkbn=0&skbn=1&dskb=&askb=&dflg=0&iflg=0&preId=1&mul=%E3%83%80%E3%82%A4%E3%83%AF%E6%97%A5%E6%9C%AC%E6%A0%AA%E3%82%AA%E3%83%BC%E3%83%97%E3%83%B3&fls=on&cal=1&era=H&yer=&mon=&pfs=5&row=100&idx=0&str=&kbn=1&flg=&syoruiKanriNo=&s=S1008PV7,https://disclosure.edinet-fsa.go.jp/E01EW/download?uji.verb=W0EZA104CXP001003Action&uji.bean=ee.bean.parent.EECommonSearchBean&PID=W1E63011&SESSIONKEY=1550341908150&lgKbn=2&pkbn=0&skbn=1&dskb=&askb=&dflg=0&iflg=0&preId=1&mul=%E3%83%80%E3%82%A4%E3%83%AF%E6%97%A5%E6%9C%AC%E6%A0%AA%E3%82%AA%E3%83%BC%E3%83%97%E3%83%B3&fls=on&cal=1&era=H&yer=&mon=&pfs=5&row=100&idx=0&str=&kbn=1&flg=&syoruiKanriNo=&s=S10060A2
T0231205B/TSK,中小型ｸﾞﾛｰ,"E12430 /
G04657",日興中小型グロース・ファンド,https://disclosure.edinet-fsa.go.jp/E01EW/download?uji.verb=W0EZA104CXP001003Action&uji.bean=ee.bean.parent.EECommonSearchBean&PID=W1E63011&SESSIONKEY=1550341955725&lgKbn=2&pkbn=0&skbn=1&dskb=&askb=&dflg=0&iflg=0&preId=1&mul=%E6%97%A5%E8%88%88%E4%B8%AD%E5%B0%8F%E5%9E%8B%E3%82%B0%E3%83%AD%E3%83%BC%E3%82%B9%E3%83%BB%E3%83%95%E3%82%A1%E3%83%B3%E3%83%89&fls=on&cal=1&era=H&yer=&mon=&pfs=5&row=100&idx=0&str=&kbn=1&flg=&syoruiKanriNo=&s=S100D7SC,https://disclosure.edinet-fsa.go.jp/E01EW/download?uji.verb=W0EZA104CXP001003Action&uji.bean=ee.bean.parent.EECommonSearchBean&PID=W1E63011&SESSIONKEY=1550341955725&lgKbn=2&pkbn=0&skbn=1&dskb=&askb=&dflg=0&iflg=0&preId=1&mul=%E6%97%A5%E8%88%88%E4%B8%AD%E5%B0%8F%E5%9E%8B%E3%82%B0%E3%83%AD%E3%83%BC%E3%82%B9%E3%83%BB%E3%83%95%E3%82%A1%E3%83%B3%E3%83%89&fls=on&cal=1&era=H&yer=&mon=&pfs=5&row=100&idx=0&str=&kbn=1&flg=&syoruiKanriNo=&s=S100AEY0,https://disclosure.edinet-fsa.go.jp/E01EW/download?uji.verb=W0EZA104CXP001003Action&uji.bean=ee.bean.parent.EECommonSearchBean&PID=W1E63011&SESSIONKEY=1550341955725&lgKbn=2&pkbn=0&skbn=1&dskb=&askb=&dflg=0&iflg=0&preId=1&mul=%E6%97%A5%E8%88%88%E4%B8%AD%E5%B0%8F%E5%9E%8B%E3%82%B0%E3%83%AD%E3%83%BC%E3%82%B9%E3%83%BB%E3%83%95%E3%82%A1%E3%83%B3%E3%83%89&fls=on&cal=1&era=H&yer=&mon=&pfs=5&row=100&idx=0&str=&kbn=1&flg=&syoruiKanriNo=&s=S1007OTZ,https://disclosure.edinet-fsa.go.jp/E01EW/download?uji.verb=W0EZA104CXP001003Action&uji.bean=ee.bean.parent.EECommonSearchBean&PID=W1E63011&SESSIONKEY=1550341955725&lgKbn=2&pkbn=0&skbn=1&dskb=&askb=&dflg=0&iflg=0&preId=1&mul=%E6%97%A5%E8%88%88%E4%B8%AD%E5%B0%8F%E5%9E%8B%E3%82%B0%E3%83%AD%E3%83%BC%E3%82%B9%E3%83%BB%E3%83%95%E3%82%A1%E3%83%B3%E3%83%89&fls=on&cal=1&era=H&yer=&mon=&pfs=5&row=100&idx=0&str=&kbn=1&flg=&syoruiKanriNo=&s=S1003JO2
T0331200B/TSK,いちよし公,"E11518 /
G10956",いちよし公開ベンチャー・ファンド,https://disclosure.edinet-fsa.go.jp/E01EW/download?uji.verb=W0EZA104CXP001003Action&uji.bean=ee.bean.parent.EECommonSearchBean&PID=W1E63011&SESSIONKEY=1550342003535&lgKbn=2&pkbn=0&skbn=1&dskb=&askb=&dflg=0&iflg=0&preId=1&mul=%E3%81%84%E3%81%A1%E3%82%88%E3%81%97%E5%85%AC%E9%96%8B%E3%83%99%E3%83%B3%E3%83%81%E3%83%A3%E3%83%BC%E3%83%BB%E3%83%95%E3%82%A1%E3%83%B3%E3%83%89&fls=on&cal=1&era=H&yer=&mon=&pfs=5&row=100&idx=0&str=&kbn=1&flg=&syoruiKanriNo=&s=S100DOIL,https://disclosure.edinet-fsa.go.jp/E01EW/download?uji.verb=W0EZA104CXP001003Action&uji.bean=ee.bean.parent.EECommonSearchBean&PID=W1E63011&SESSIONKEY=1550342003535&lgKbn=2&pkbn=0&skbn=1&dskb=&askb=&dflg=0&iflg=0&preId=1&mul=%E3%81%84%E3%81%A1%E3%82%88%E3%81%97%E5%85%AC%E9%96%8B%E3%83%99%E3%83%B3%E3%83%81%E3%83%A3%E3%83%BC%E3%83%BB%E3%83%95%E3%82%A1%E3%83%B3%E3%83%89&fls=on&cal=1&era=H&yer=&mon=&pfs=5&row=100&idx=0&str=&kbn=1&flg=&syoruiKanriNo=&s=S100B0YC,https://disclosure.edinet-fsa.go.jp/E01EW/download?uji.verb=W0EZA104CXP001003Action&uji.bean=ee.bean.parent.EECommonSearchBean&PID=W1E63011&SESSIONKEY=1550342003535&lgKbn=2&pkbn=0&skbn=1&dskb=&askb=&dflg=0&iflg=0&preId=1&mul=%E3%81%84%E3%81%A1%E3%82%88%E3%81%97%E5%85%AC%E9%96%8B%E3%83%99%E3%83%B3%E3%83%81%E3%83%A3%E3%83%BC%E3%83%BB%E3%83%95%E3%82%A1%E3%83%B3%E3%83%89&fls=on&cal=1&era=H&yer=&mon=&pfs=5&row=100&idx=0&str=&kbn=1&flg=&syoruiKanriNo=&s=S1008E3U,https://disclosure.edinet-fsa.go.jp/E01EW/download?uji.verb=W0EZA104CXP001003Action&uji.bean=ee.bean.parent.EECommonSearchBean&PID=W1E63011&SESSIONKEY=1550342003535&lgKbn=2&pkbn=0&skbn=1&dskb=&askb=&dflg=0&iflg=0&preId=1&mul=%E3%81%84%E3%81%A1%E3%82%88%E3%81%97%E5%85%AC%E9%96%8B%E3%83%99%E3%83%B3%E3%83%81%E3%83%A3%E3%83%BC%E3%83%BB%E3%83%95%E3%82%A1%E3%83%B3%E3%83%89&fls=on&cal=1&era=H&yer=&mon=&pfs=5&row=100&idx=0&str=&kbn=1&flg=&syoruiKanriNo=&s=S1003YHG
T04315156/TSK,日本株発掘米,"E06748 /
G11190",日本株発掘ファンド 米ドル型,https://disclosure.edinet-fsa.go.jp/E01EW/download?uji.verb=W0EZA104CXP001003Action&uji.bean=ee.bean.parent.EECommonSearchBean&PID=W1E63011&SESSIONKEY=1550342051800&lgKbn=2&pkbn=0&skbn=1&dskb=&askb=&dflg=0&iflg=0&preId=1&mul=%E6%97%A5%E6%9C%AC%E6%A0%AA%E7%99%BA%E6%8E%98%E3%83%95%E3%82%A1%E3%83%B3%E3%83%89+%E7%B1%B3%E3%83%89%E3%83%AB%E5%9E%8B&fls=on&cal=1&era=H&yer=&mon=&pfs=5&row=100&idx=0&str=&kbn=1&flg=&syoruiKanriNo=&s=S100E9D2,https://disclosure.edinet-fsa.go.jp/E01EW/download?uji.verb=W0EZA104CXP001003Action&uji.bean=ee.bean.parent.EECommonSearchBean&PID=W1E63011&SESSIONKEY=1550342051800&lgKbn=2&pkbn=0&skbn=1&dskb=&askb=&dflg=0&iflg=0&preId=1&mul=%E6%97%A5%E6%9C%AC%E6%A0%AA%E7%99%BA%E6%8E%98%E3%83%95%E3%82%A1%E3%83%B3%E3%83%89+%E7%B1%B3%E3%83%89%E3%83%AB%E5%9E%8B&fls=on&cal=1&era=H&yer=&mon=&pfs=5&row=100&idx=0&str=&kbn=1&flg=&syoruiKanriNo=&s=S100BGJS,https://disclosure.edinet-fsa.go.jp/E01EW/download?uji.verb=W0EZA104CXP001003Action&uji.bean=ee.bean.parent.EECommonSearchBean&PID=W1E63011&SESSIONKEY=1550342051800&lgKbn=2&pkbn=0&skbn=1&dskb=&askb=&dflg=0&iflg=0&preId=1&mul=%E6%97%A5%E6%9C%AC%E6%A0%AA%E7%99%BA%E6%8E%98%E3%83%95%E3%82%A1%E3%83%B3%E3%83%89+%E7%B1%B3%E3%83%89%E3%83%AB%E5%9E%8B&fls=on&cal=1&era=H&yer=&mon=&pfs=5&row=100&idx=0&str=&kbn=1&flg=&syoruiKanriNo=&s=S1008SES,https://disclosure.edinet-fsa.go.jp/E01EW/download?uji.verb=W0EZA104CXP001003Action&uji.bean=ee.bean.parent.EECommonSearchBean&PID=W1E63011&SESSIONKEY=1550342051800&lgKbn=2&pkbn=0&skbn=1&dskb=&askb=&dflg=0&iflg=0&preId=1&mul=%E6%97%A5%E6%9C%AC%E6%A0%AA%E7%99%BA%E6%8E%98%E3%83%95%E3%82%A1%E3%83%B3%E3%83%89+%E7%B1%B3%E3%83%89%E3%83%AB%E5%9E%8B&fls=on&cal=1&era=H&yer=&mon=&pfs=5&row=100&idx=0&str=&kbn=1&flg=&syoruiKanriNo=&s=S1006206
T0331109B/TSK,ｱｼﾞｱﾝ･ﾊﾟﾜｰ,"E11518 /
G07670",日本株アジア戦略ファンド,https://disclosure.edinet-fsa.go.jp/E01EW/download?uji.verb=W0EZA104CXP001003Action&uji.bean=ee.bean.parent.EECommonSearchBean&PID=W1E63011&SESSIONKEY=1550342104042&lgKbn=2&pkbn=0&skbn=1&dskb=&askb=&dflg=0&iflg=0&preId=1&mul=%E6%97%A5%E6%9C%AC%E6%A0%AA%E3%82%A2%E3%82%B8%E3%82%A2%E6%88%A6%E7%95%A5%E3%83%95%E3%82%A1%E3%83%B3%E3%83%89&fls=on&cal=1&era=H&yer=&mon=&pfs=5&row=100&idx=0&str=&kbn=1&flg=&syoruiKanriNo=&s=S100ERDW,https://disclosure.edinet-fsa.go.jp/E01EW/download?uji.verb=W0EZA104CXP001003Action&uji.bean=ee.bean.parent.EECommonSearchBean&PID=W1E63011&SESSIONKEY=1550342104042&lgKbn=2&pkbn=0&skbn=1&dskb=&askb=&dflg=0&iflg=0&preId=1&mul=%E6%97%A5%E6%9C%AC%E6%A0%AA%E3%82%A2%E3%82%B8%E3%82%A2%E6%88%A6%E7%95%A5%E3%83%95%E3%82%A1%E3%83%B3%E3%83%89&fls=on&cal=1&era=H&yer=&mon=&pfs=5&row=100&idx=0&str=&kbn=1&flg=&syoruiKanriNo=&s=S100C07V,https://disclosure.edinet-fsa.go.jp/E01EW/download?uji.verb=W0EZA104CXP001003Action&uji.bean=ee.bean.parent.EECommonSearchBean&PID=W1E63011&SESSIONKEY=1550342104042&lgKbn=2&pkbn=0&skbn=1&dskb=&askb=&dflg=0&iflg=0&preId=1&mul=%E6%97%A5%E6%9C%AC%E6%A0%AA%E3%82%A2%E3%82%B8%E3%82%A2%E6%88%A6%E7%95%A5%E3%83%95%E3%82%A1%E3%83%B3%E3%83%89&fls=on&cal=1&era=H&yer=&mon=&pfs=5&row=100&idx=0&str=&kbn=1&flg=&syoruiKanriNo=&s=S1009EQC,https://disclosure.edinet-fsa.go.jp/E01EW/download?uji.verb=W0EZA104CXP001003Action&uji.bean=ee.bean.parent.EECommonSearchBean&PID=W1E63011&SESSIONKEY=1550342104042&lgKbn=2&pkbn=0&skbn=1&dskb=&askb=&dflg=0&iflg=0&preId=1&mul=%E6%97%A5%E6%9C%AC%E6%A0%AA%E3%82%A2%E3%82%B8%E3%82%A2%E6%88%A6%E7%95%A5%E3%83%95%E3%82%A1%E3%83%B3%E3%83%89&fls=on&cal=1&era=H&yer=&mon=&pfs=5&row=100&idx=0&str=&kbn=1&flg=&syoruiKanriNo=&s=S1006KDV,https://disclosure.edinet-fsa.go.jp/E01EW/download?uji.verb=W0EZA104CXP001003Action&uji.bean=ee.bean.parent.EECommonSearchBean&PID=W1E63011&SESSIONKEY=1550342104042&lgKbn=2&pkbn=0&skbn=1&dskb=&askb=&dflg=0&iflg=0&preId=1&mul=%E6%97%A5%E6%9C%AC%E6%A0%AA%E3%82%A2%E3%82%B8%E3%82%A2%E6%88%A6%E7%95%A5%E3%83%95%E3%82%A1%E3%83%B3%E3%83%89&fls=on&cal=1&era=H&yer=&mon=&pfs=5&row=100&idx=0&str=&kbn=1&flg=&syoruiKanriNo=&s=S1003R9I
