T04312067/TSK,ﾀﾞｲﾜ新興企業,"E06748 /
G04995",ダイワ新興企業株ファンド,https://disclosure.edinet-fsa.go.jp/E01EW/download?uji.verb=W0EZA104CXP001003Action&uji.bean=ee.bean.parent.EECommonSearchBean&PID=W1E63011&SESSIONKEY=1550339297315&lgKbn=2&pkbn=0&skbn=1&dskb=&askb=&dflg=0&iflg=0&preId=1&mul=%E3%83%80%E3%82%A4%E3%83%AF%E6%96%B0%E8%88%88%E4%BC%81%E6%A5%AD%E6%A0%AA%E3%83%95%E3%82%A1%E3%83%B3%E3%83%89&fls=on&cal=1&era=H&yer=&mon=&pfs=5&row=100&idx=0&str=&kbn=1&flg=&syoruiKanriNo=&s=S100E7UK,https://disclosure.edinet-fsa.go.jp/E01EW/download?uji.verb=W0EZA104CXP001003Action&uji.bean=ee.bean.parent.EECommonSearchBean&PID=W1E63011&SESSIONKEY=1550339297315&lgKbn=2&pkbn=0&skbn=1&dskb=&askb=&dflg=0&iflg=0&preId=1&mul=%E3%83%80%E3%82%A4%E3%83%AF%E6%96%B0%E8%88%88%E4%BC%81%E6%A5%AD%E6%A0%AA%E3%83%95%E3%82%A1%E3%83%B3%E3%83%89&fls=on&cal=1&era=H&yer=&mon=&pfs=5&row=100&idx=0&str=&kbn=1&flg=&syoruiKanriNo=&s=S100BF90,https://disclosure.edinet-fsa.go.jp/E01EW/download?uji.verb=W0EZA104CXP001003Action&uji.bean=ee.bean.parent.EECommonSearchBean&PID=W1E63011&SESSIONKEY=1550339297315&lgKbn=2&pkbn=0&skbn=1&dskb=&askb=&dflg=0&iflg=0&preId=1&mul=%E3%83%80%E3%82%A4%E3%83%AF%E6%96%B0%E8%88%88%E4%BC%81%E6%A5%AD%E6%A0%AA%E3%83%95%E3%82%A1%E3%83%B3%E3%83%89&fls=on&cal=1&era=H&yer=&mon=&pfs=5&row=100&idx=0&str=&kbn=1&flg=&syoruiKanriNo=&s=S1008QL0,https://disclosure.edinet-fsa.go.jp/E01EW/download?uji.verb=W0EZA104CXP001003Action&uji.bean=ee.bean.parent.EECommonSearchBean&PID=W1E63011&SESSIONKEY=1550339297315&lgKbn=2&pkbn=0&skbn=1&dskb=&askb=&dflg=0&iflg=0&preId=1&mul=%E3%83%80%E3%82%A4%E3%83%AF%E6%96%B0%E8%88%88%E4%BC%81%E6%A5%AD%E6%A0%AA%E3%83%95%E3%82%A1%E3%83%B3%E3%83%89&fls=on&cal=1&era=H&yer=&mon=&pfs=5&row=100&idx=0&str=&kbn=1&flg=&syoruiKanriNo=&s=S100607A,
T04316061/TSK,拡大成長株,"E06748 /
G04767",ダイワ拡大成長株ファンド,https://disclosure.edinet-fsa.go.jp/E01EW/download?uji.verb=W0EZA104CXP001003Action&uji.bean=ee.bean.parent.EECommonSearchBean&PID=W1E63011&SESSIONKEY=1550339348043&lgKbn=2&pkbn=0&skbn=1&dskb=&askb=&dflg=0&iflg=0&preId=1&mul=%E3%83%80%E3%82%A4%E3%83%AF%E6%8B%A1%E5%A4%A7%E6%88%90%E9%95%B7%E6%A0%AA%E3%83%95%E3%82%A1%E3%83%B3%E3%83%89&fls=on&cal=1&era=H&yer=&mon=&pfs=5&row=100&idx=0&str=&kbn=1&flg=&syoruiKanriNo=&s=S100EMWI,https://disclosure.edinet-fsa.go.jp/E01EW/download?uji.verb=W0EZA104CXP001003Action&uji.bean=ee.bean.parent.EECommonSearchBean&PID=W1E63011&SESSIONKEY=1550339348043&lgKbn=2&pkbn=0&skbn=1&dskb=&askb=&dflg=0&iflg=0&preId=1&mul=%E3%83%80%E3%82%A4%E3%83%AF%E6%8B%A1%E5%A4%A7%E6%88%90%E9%95%B7%E6%A0%AA%E3%83%95%E3%82%A1%E3%83%B3%E3%83%89&fls=on&cal=1&era=H&yer=&mon=&pfs=5&row=100&idx=0&str=&kbn=1&flg=&syoruiKanriNo=&s=S100BUW3,https://disclosure.edinet-fsa.go.jp/E01EW/download?uji.verb=W0EZA104CXP001003Action&uji.bean=ee.bean.parent.EECommonSearchBean&PID=W1E63011&SESSIONKEY=1550339348043&lgKbn=2&pkbn=0&skbn=1&dskb=&askb=&dflg=0&iflg=0&preId=1&mul=%E3%83%80%E3%82%A4%E3%83%AF%E6%8B%A1%E5%A4%A7%E6%88%90%E9%95%B7%E6%A0%AA%E3%83%95%E3%82%A1%E3%83%B3%E3%83%89&fls=on&cal=1&era=H&yer=&mon=&pfs=5&row=100&idx=0&str=&kbn=1&flg=&syoruiKanriNo=&s=S100985D,https://disclosure.edinet-fsa.go.jp/E01EW/download?uji.verb=W0EZA104CXP001003Action&uji.bean=ee.bean.parent.EECommonSearchBean&PID=W1E63011&SESSIONKEY=1550339348043&lgKbn=2&pkbn=0&skbn=1&dskb=&askb=&dflg=0&iflg=0&preId=1&mul=%E3%83%80%E3%82%A4%E3%83%AF%E6%8B%A1%E5%A4%A7%E6%88%90%E9%95%B7%E6%A0%AA%E3%83%95%E3%82%A1%E3%83%B3%E3%83%89&fls=on&cal=1&era=H&yer=&mon=&pfs=5&row=100&idx=0&str=&kbn=1&flg=&syoruiKanriNo=&s=S1006GFO,https://disclosure.edinet-fsa.go.jp/E01EW/download?uji.verb=W0EZA104CXP001003Action&uji.bean=ee.bean.parent.EECommonSearchBean&PID=W1E63011&SESSIONKEY=1550339348043&lgKbn=2&pkbn=0&skbn=1&dskb=&askb=&dflg=0&iflg=0&preId=1&mul=%E3%83%80%E3%82%A4%E3%83%AF%E6%8B%A1%E5%A4%A7%E6%88%90%E9%95%B7%E6%A0%AA%E3%83%95%E3%82%A1%E3%83%B3%E3%83%89&fls=on&cal=1&era=H&yer=&mon=&pfs=5&row=100&idx=0&str=&kbn=1&flg=&syoruiKanriNo=&s=S1003KYM
T0431306A/TSK,ｼﾞｬﾊﾟﾝﾊﾟﾜｰ,"E06748 /
G05113",技術成長株オープン,https://disclosure.edinet-fsa.go.jp/E01EW/download?uji.verb=W0EZA104CXP001003Action&uji.bean=ee.bean.parent.EECommonSearchBean&PID=W1E63011&SESSIONKEY=1550339393322&lgKbn=2&pkbn=0&skbn=1&dskb=&askb=&dflg=0&iflg=0&preId=1&mul=%E6%8A%80%E8%A1%93%E6%88%90%E9%95%B7%E6%A0%AA%E3%82%AA%E3%83%BC%E3%83%97%E3%83%B3&fls=on&cal=1&era=H&yer=&mon=&pfs=5&row=100&idx=0&str=&kbn=1&flg=&syoruiKanriNo=&s=S100ERAA,https://disclosure.edinet-fsa.go.jp/E01EW/download?uji.verb=W0EZA104CXP001003Action&uji.bean=ee.bean.parent.EECommonSearchBean&PID=W1E63011&SESSIONKEY=1550339393322&lgKbn=2&pkbn=0&skbn=1&dskb=&askb=&dflg=0&iflg=0&preId=1&mul=%E6%8A%80%E8%A1%93%E6%88%90%E9%95%B7%E6%A0%AA%E3%82%AA%E3%83%BC%E3%83%97%E3%83%B3&fls=on&cal=1&era=H&yer=&mon=&pfs=5&row=100&idx=0&str=&kbn=1&flg=&syoruiKanriNo=&s=S100BZ66,https://disclosure.edinet-fsa.go.jp/E01EW/download?uji.verb=W0EZA104CXP001003Action&uji.bean=ee.bean.parent.EECommonSearchBean&PID=W1E63011&SESSIONKEY=1550339393322&lgKbn=2&pkbn=0&skbn=1&dskb=&askb=&dflg=0&iflg=0&preId=1&mul=%E6%8A%80%E8%A1%93%E6%88%90%E9%95%B7%E6%A0%AA%E3%82%AA%E3%83%BC%E3%83%97%E3%83%B3&fls=on&cal=1&era=H&yer=&mon=&pfs=5&row=100&idx=0&str=&kbn=1&flg=&syoruiKanriNo=&s=S1009B5H,https://disclosure.edinet-fsa.go.jp/E01EW/download?uji.verb=W0EZA104CXP001003Action&uji.bean=ee.bean.parent.EECommonSearchBean&PID=W1E63011&SESSIONKEY=1550339393322&lgKbn=2&pkbn=0&skbn=1&dskb=&askb=&dflg=0&iflg=0&preId=1&mul=%E6%8A%80%E8%A1%93%E6%88%90%E9%95%B7%E6%A0%AA%E3%82%AA%E3%83%BC%E3%83%97%E3%83%B3&fls=on&cal=1&era=H&yer=&mon=&pfs=5&row=100&idx=0&str=&kbn=1&flg=&syoruiKanriNo=&s=S1006KC5,https://disclosure.edinet-fsa.go.jp/E01EW/download?uji.verb=W0EZA104CXP001003Action&uji.bean=ee.bean.parent.EECommonSearchBean&PID=W1E63011&SESSIONKEY=1550339393322&lgKbn=2&pkbn=0&skbn=1&dskb=&askb=&dflg=0&iflg=0&preId=1&mul=%E6%8A%80%E8%A1%93%E6%88%90%E9%95%B7%E6%A0%AA%E3%82%AA%E3%83%BC%E3%83%97%E3%83%B3&fls=on&cal=1&era=H&yer=&mon=&pfs=5&row=100&idx=0&str=&kbn=1&flg=&syoruiKanriNo=&s=S1003OE7
T03311159/TSK,ﾌﾟﾛｼﾞｪｸﾄE,"E11518 /
G11281",日本エネルギー関連株式オープン,https://disclosure.edinet-fsa.go.jp/E01EW/download?uji.verb=W0EZA104CXP001003Action&uji.bean=ee.bean.parent.EECommonSearchBean&PID=W1E63011&SESSIONKEY=1550339439749&lgKbn=2&pkbn=0&skbn=1&dskb=&askb=&dflg=0&iflg=0&preId=1&mul=%E6%97%A5%E6%9C%AC%E3%82%A8%E3%83%8D%E3%83%AB%E3%82%AE%E3%83%BC%E9%96%A2%E9%80%A3%E6%A0%AA%E5%BC%8F%E3%82%AA%E3%83%BC%E3%83%97%E3%83%B3&fls=on&cal=1&era=H&yer=&mon=&pfs=5&row=100&idx=0&str=&kbn=1&flg=&syoruiKanriNo=&s=S100ENEE,https://disclosure.edinet-fsa.go.jp/E01EW/download?uji.verb=W0EZA104CXP001003Action&uji.bean=ee.bean.parent.EECommonSearchBean&PID=W1E63011&SESSIONKEY=1550339439749&lgKbn=2&pkbn=0&skbn=1&dskb=&askb=&dflg=0&iflg=0&preId=1&mul=%E6%97%A5%E6%9C%AC%E3%82%A8%E3%83%8D%E3%83%AB%E3%82%AE%E3%83%BC%E9%96%A2%E9%80%A3%E6%A0%AA%E5%BC%8F%E3%82%AA%E3%83%BC%E3%83%97%E3%83%B3&fls=on&cal=1&era=H&yer=&mon=&pfs=5&row=100&idx=0&str=&kbn=1&flg=&syoruiKanriNo=&s=S100BWDL,https://disclosure.edinet-fsa.go.jp/E01EW/download?uji.verb=W0EZA104CXP001003Action&uji.bean=ee.bean.parent.EECommonSearchBean&PID=W1E63011&SESSIONKEY=1550339439749&lgKbn=2&pkbn=0&skbn=1&dskb=&askb=&dflg=0&iflg=0&preId=1&mul=%E6%97%A5%E6%9C%AC%E3%82%A8%E3%83%8D%E3%83%AB%E3%82%AE%E3%83%BC%E9%96%A2%E9%80%A3%E6%A0%AA%E5%BC%8F%E3%82%AA%E3%83%BC%E3%83%97%E3%83%B3&fls=on&cal=1&era=H&yer=&mon=&pfs=5&row=100&idx=0&str=&kbn=1&flg=&syoruiKanriNo=&s=S10097IO,,
T0331714M/TSK,ｴﾈﾙｷﾞｰﾁｬﾝｽ,"E11518 /
G10998",エネルギー関連日本株オープン,https://disclosure.edinet-fsa.go.jp/E01EW/download?uji.verb=W0EZA104CXP001003Action&uji.bean=ee.bean.parent.EECommonSearchBean&PID=W1E63011&SESSIONKEY=1550339480396&lgKbn=2&pkbn=0&skbn=1&dskb=&askb=&dflg=0&iflg=0&preId=1&mul=%E3%82%A8%E3%83%8D%E3%83%AB%E3%82%AE%E3%83%BC%E9%96%A2%E9%80%A3%E6%97%A5%E6%9C%AC%E6%A0%AA%E3%82%AA%E3%83%BC%E3%83%97%E3%83%B3&fls=on&cal=1&era=H&yer=&mon=&pfs=5&row=100&idx=0&str=&kbn=1&flg=&syoruiKanriNo=&s=S100ES1H,https://disclosure.edinet-fsa.go.jp/E01EW/download?uji.verb=W0EZA104CXP001003Action&uji.bean=ee.bean.parent.EECommonSearchBean&PID=W1E63011&SESSIONKEY=1550339480396&lgKbn=2&pkbn=0&skbn=1&dskb=&askb=&dflg=0&iflg=0&preId=1&mul=%E3%82%A8%E3%83%8D%E3%83%AB%E3%82%AE%E3%83%BC%E9%96%A2%E9%80%A3%E6%97%A5%E6%9C%AC%E6%A0%AA%E3%82%AA%E3%83%BC%E3%83%97%E3%83%B3&fls=on&cal=1&era=H&yer=&mon=&pfs=5&row=100&idx=0&str=&kbn=1&flg=&syoruiKanriNo=&s=S100C2GZ,https://disclosure.edinet-fsa.go.jp/E01EW/download?uji.verb=W0EZA104CXP001003Action&uji.bean=ee.bean.parent.EECommonSearchBean&PID=W1E63011&SESSIONKEY=1550339480396&lgKbn=2&pkbn=0&skbn=1&dskb=&askb=&dflg=0&iflg=0&preId=1&mul=%E3%82%A8%E3%83%8D%E3%83%AB%E3%82%AE%E3%83%BC%E9%96%A2%E9%80%A3%E6%97%A5%E6%9C%AC%E6%A0%AA%E3%82%AA%E3%83%BC%E3%83%97%E3%83%B3&fls=on&cal=1&era=H&yer=&mon=&pfs=5&row=100&idx=0&str=&kbn=1&flg=&syoruiKanriNo=&s=S1009CV3,https://disclosure.edinet-fsa.go.jp/E01EW/download?uji.verb=W0EZA104CXP001003Action&uji.bean=ee.bean.parent.EECommonSearchBean&PID=W1E63011&SESSIONKEY=1550339480396&lgKbn=2&pkbn=0&skbn=1&dskb=&askb=&dflg=0&iflg=0&preId=1&mul=%E3%82%A8%E3%83%8D%E3%83%AB%E3%82%AE%E3%83%BC%E9%96%A2%E9%80%A3%E6%97%A5%E6%9C%AC%E6%A0%AA%E3%82%AA%E3%83%BC%E3%83%97%E3%83%B3&fls=on&cal=1&era=H&yer=&mon=&pfs=5&row=100&idx=0&str=&kbn=1&flg=&syoruiKanriNo=&s=S1006NRJ,
T32311139/TSK,中小型ﾘｻｰﾁF,G09455 ,フィデリティ・日本中小型株・リサーチF,,,,,
T50312116/TSK,地方銀行株F,"E12473 /
G08391",ＵＢＳ地方銀行株ファンド,https://disclosure.edinet-fsa.go.jp/E01EW/download?uji.verb=W0EZA104CXP001003Action&uji.bean=ee.bean.parent.EECommonSearchBean&PID=W1E63011&SESSIONKEY=1550339542202&lgKbn=2&pkbn=0&skbn=1&dskb=&askb=&dflg=0&iflg=0&preId=1&mul=%EF%BC%B5%EF%BC%A2%EF%BC%B3%E5%9C%B0%E6%96%B9%E9%8A%80%E8%A1%8C%E6%A0%AA%E3%83%95%E3%82%A1%E3%83%B3%E3%83%89&fls=on&cal=1&era=H&yer=&mon=&pfs=5&row=100&idx=0&str=&kbn=1&flg=&syoruiKanriNo=&s=S100DP2J,https://disclosure.edinet-fsa.go.jp/E01EW/download?uji.verb=W0EZA104CXP001003Action&uji.bean=ee.bean.parent.EECommonSearchBean&PID=W1E63011&SESSIONKEY=1550339542202&lgKbn=2&pkbn=0&skbn=1&dskb=&askb=&dflg=0&iflg=0&preId=1&mul=%EF%BC%B5%EF%BC%A2%EF%BC%B3%E5%9C%B0%E6%96%B9%E9%8A%80%E8%A1%8C%E6%A0%AA%E3%83%95%E3%82%A1%E3%83%B3%E3%83%89&fls=on&cal=1&era=H&yer=&mon=&pfs=5&row=100&idx=0&str=&kbn=1&flg=&syoruiKanriNo=&s=S100AXQX,https://disclosure.edinet-fsa.go.jp/E01EW/download?uji.verb=W0EZA104CXP001003Action&uji.bean=ee.bean.parent.EECommonSearchBean&PID=W1E63011&SESSIONKEY=1550339542202&lgKbn=2&pkbn=0&skbn=1&dskb=&askb=&dflg=0&iflg=0&preId=1&mul=%EF%BC%B5%EF%BC%A2%EF%BC%B3%E5%9C%B0%E6%96%B9%E9%8A%80%E8%A1%8C%E6%A0%AA%E3%83%95%E3%82%A1%E3%83%B3%E3%83%89&fls=on&cal=1&era=H&yer=&mon=&pfs=5&row=100&idx=0&str=&kbn=1&flg=&syoruiKanriNo=&s=S1008NLW,https://disclosure.edinet-fsa.go.jp/E01EW/download?uji.verb=W0EZA104CXP001003Action&uji.bean=ee.bean.parent.EECommonSearchBean&PID=W1E63011&SESSIONKEY=1550339542202&lgKbn=2&pkbn=0&skbn=1&dskb=&askb=&dflg=0&iflg=0&preId=1&mul=%EF%BC%B5%EF%BC%A2%EF%BC%B3%E5%9C%B0%E6%96%B9%E9%8A%80%E8%A1%8C%E6%A0%AA%E3%83%95%E3%82%A1%E3%83%B3%E3%83%89&fls=on&cal=1&era=H&yer=&mon=&pfs=5&row=100&idx=0&str=&kbn=1&flg=&syoruiKanriNo=&s=S1005V2V,https://disclosure.edinet-fsa.go.jp/E01EW/download?uji.verb=W0EZA104CXP001003Action&uji.bean=ee.bean.parent.EECommonSearchBean&PID=W1E63011&SESSIONKEY=1550339542202&lgKbn=2&pkbn=0&skbn=1&dskb=&askb=&dflg=0&iflg=0&preId=1&mul=%EF%BC%B5%EF%BC%A2%EF%BC%B3%E5%9C%B0%E6%96%B9%E9%8A%80%E8%A1%8C%E6%A0%AA%E3%83%95%E3%82%A1%E3%83%B3%E3%83%89&fls=on&cal=1&era=H&yer=&mon=&pfs=5&row=100&idx=0&str=&kbn=1&flg=&syoruiKanriNo=&s=S1002YVM
T34311997/TSK,咸臨丸,"E06458 /
G01131",ドイチェ・ジャパン・グロース・オープン,https://disclosure.edinet-fsa.go.jp/E01EW/download?uji.verb=W0EZA104CXP001003Action&uji.bean=ee.bean.parent.EECommonSearchBean&PID=W1E63011&SESSIONKEY=1550339592426&lgKbn=2&pkbn=0&skbn=1&dskb=&askb=&dflg=0&iflg=0&preId=1&mul=%E3%83%89%E3%82%A4%E3%83%81%E3%82%A7%E3%83%BB%E3%82%B8%E3%83%A3%E3%83%91%E3%83%B3%E3%83%BB%E3%82%B0%E3%83%AD%E3%83%BC%E3%82%B9%E3%83%BB%E3%82%AA%E3%83%BC%E3%83%97%E3%83%B3&fls=on&cal=1&era=H&yer=&mon=&pfs=5&row=100&idx=0&str=&kbn=1&flg=&syoruiKanriNo=&s=S100EPQ4,https://disclosure.edinet-fsa.go.jp/E01EW/download?uji.verb=W0EZA104CXP001003Action&uji.bean=ee.bean.parent.EECommonSearchBean&PID=W1E63011&SESSIONKEY=1550339592426&lgKbn=2&pkbn=0&skbn=1&dskb=&askb=&dflg=0&iflg=0&preId=1&mul=%E3%83%89%E3%82%A4%E3%83%81%E3%82%A7%E3%83%BB%E3%82%B8%E3%83%A3%E3%83%91%E3%83%B3%E3%83%BB%E3%82%B0%E3%83%AD%E3%83%BC%E3%82%B9%E3%83%BB%E3%82%AA%E3%83%BC%E3%83%97%E3%83%B3&fls=on&cal=1&era=H&yer=&mon=&pfs=5&row=100&idx=0&str=&kbn=1&flg=&syoruiKanriNo=&s=S100BUAU,https://disclosure.edinet-fsa.go.jp/E01EW/download?uji.verb=W0EZA104CXP001003Action&uji.bean=ee.bean.parent.EECommonSearchBean&PID=W1E63011&SESSIONKEY=1550339592426&lgKbn=2&pkbn=0&skbn=1&dskb=&askb=&dflg=0&iflg=0&preId=1&mul=%E3%83%89%E3%82%A4%E3%83%81%E3%82%A7%E3%83%BB%E3%82%B8%E3%83%A3%E3%83%91%E3%83%B3%E3%83%BB%E3%82%B0%E3%83%AD%E3%83%BC%E3%82%B9%E3%83%BB%E3%82%AA%E3%83%BC%E3%83%97%E3%83%B3&fls=on&cal=1&era=H&yer=&mon=&pfs=5&row=100&idx=0&str=&kbn=1&flg=&syoruiKanriNo=&s=S100979H,https://disclosure.edinet-fsa.go.jp/E01EW/download?uji.verb=W0EZA104CXP001003Action&uji.bean=ee.bean.parent.EECommonSearchBean&PID=W1E63011&SESSIONKEY=1550339592426&lgKbn=2&pkbn=0&skbn=1&dskb=&askb=&dflg=0&iflg=0&preId=1&mul=%E3%83%89%E3%82%A4%E3%83%81%E3%82%A7%E3%83%BB%E3%82%B8%E3%83%A3%E3%83%91%E3%83%B3%E3%83%BB%E3%82%B0%E3%83%AD%E3%83%BC%E3%82%B9%E3%83%BB%E3%82%AA%E3%83%BC%E3%83%97%E3%83%B3&fls=on&cal=1&era=H&yer=&mon=&pfs=5&row=100&idx=0&str=&kbn=1&flg=&syoruiKanriNo=&s=S1004UK2,
T34311994/TSK,ｸﾞﾛｰｲﾝｸﾞ･ｴ,"E06458 /
G01045",グローイング・エンジェル,https://disclosure.edinet-fsa.go.jp/E01EW/download?uji.verb=W0EZA104CXP001003Action&uji.bean=ee.bean.parent.EECommonSearchBean&PID=W1E63011&SESSIONKEY=1550339643577&lgKbn=2&pkbn=0&skbn=1&dskb=&askb=&dflg=0&iflg=0&preId=1&mul=%E3%82%B0%E3%83%AD%E3%83%BC%E3%82%A4%E3%83%B3%E3%82%B0%E3%83%BB%E3%82%A8%E3%83%B3%E3%82%B8%E3%82%A7%E3%83%AB&fls=on&cal=1&era=H&yer=&mon=&pfs=5&row=100&idx=0&str=&kbn=1&flg=&syoruiKanriNo=&s=S100EOKU,https://disclosure.edinet-fsa.go.jp/E01EW/download?uji.verb=W0EZA104CXP001003Action&uji.bean=ee.bean.parent.EECommonSearchBean&PID=W1E63011&SESSIONKEY=1550339643577&lgKbn=2&pkbn=0&skbn=1&dskb=&askb=&dflg=0&iflg=0&preId=1&mul=%E3%82%B0%E3%83%AD%E3%83%BC%E3%82%A4%E3%83%B3%E3%82%B0%E3%83%BB%E3%82%A8%E3%83%B3%E3%82%B8%E3%82%A7%E3%83%AB&fls=on&cal=1&era=H&yer=&mon=&pfs=5&row=100&idx=0&str=&kbn=1&flg=&syoruiKanriNo=&s=S100BWAI,https://disclosure.edinet-fsa.go.jp/E01EW/download?uji.verb=W0EZA104CXP001003Action&uji.bean=ee.bean.parent.EECommonSearchBean&PID=W1E63011&SESSIONKEY=1550339643577&lgKbn=2&pkbn=0&skbn=1&dskb=&askb=&dflg=0&iflg=0&preId=1&mul=%E3%82%B0%E3%83%AD%E3%83%BC%E3%82%A4%E3%83%B3%E3%82%B0%E3%83%BB%E3%82%A8%E3%83%B3%E3%82%B8%E3%82%A7%E3%83%AB&fls=on&cal=1&era=H&yer=&mon=&pfs=5&row=100&idx=0&str=&kbn=1&flg=&syoruiKanriNo=&s=S1009746,https://disclosure.edinet-fsa.go.jp/E01EW/download?uji.verb=W0EZA104CXP001003Action&uji.bean=ee.bean.parent.EECommonSearchBean&PID=W1E63011&SESSIONKEY=1550339643577&lgKbn=2&pkbn=0&skbn=1&dskb=&askb=&dflg=0&iflg=0&preId=1&mul=%E3%82%B0%E3%83%AD%E3%83%BC%E3%82%A4%E3%83%B3%E3%82%B0%E3%83%BB%E3%82%A8%E3%83%B3%E3%82%B8%E3%82%A7%E3%83%AB&fls=on&cal=1&era=H&yer=&mon=&pfs=5&row=100&idx=0&str=&kbn=1&flg=&syoruiKanriNo=&s=S1004QTD,
T29315182/TSK,SDGsJPｾﾚ年2,G12893 ,ニッセイＳＤＧｓジャパンセレクトＦ(年２),,,,,
T09311184/TSK,ｲﾝﾌﾗﾚﾎﾞ,"E12441 /
G12948",インフラ関連日本株式ファンド,https://disclosure.edinet-fsa.go.jp/E01EW/download?uji.verb=W0EZA104CXP001003Action&uji.bean=ee.bean.parent.EECommonSearchBean&PID=W1E63011&SESSIONKEY=1550339707203&lgKbn=2&pkbn=0&skbn=1&dskb=&askb=&dflg=0&iflg=0&preId=1&mul=%E3%82%A4%E3%83%B3%E3%83%95%E3%83%A9%E9%96%A2%E9%80%A3%E6%97%A5%E6%9C%AC%E6%A0%AA%E5%BC%8F%E3%83%95%E3%82%A1%E3%83%B3%E3%83%89&fls=on&cal=1&era=H&yer=&mon=&pfs=5&row=100&idx=0&str=&kbn=1&flg=&syoruiKanriNo=&s=S100ELEG,,,,
T03313184/TSK,ﾘﾀｰﾝ・ｴｰｽ,"E11518 /
G12947",ＩＰＯリサーチ・オープン,https://disclosure.edinet-fsa.go.jp/E01EW/download?uji.verb=W0EZA104CXP001003Action&uji.bean=ee.bean.parent.EECommonSearchBean&PID=W1E63011&SESSIONKEY=1550339730373&lgKbn=2&pkbn=0&skbn=1&dskb=&askb=&dflg=0&iflg=0&preId=1&mul=%EF%BC%A9%EF%BC%B0%EF%BC%AF%E3%83%AA%E3%82%B5%E3%83%BC%E3%83%81%E3%83%BB%E3%82%AA%E3%83%BC%E3%83%97%E3%83%B3&fls=on&cal=1&era=H&yer=&mon=&pfs=5&row=100&idx=0&str=&kbn=1&flg=&syoruiKanriNo=&s=S100EUDX,,,,
T04314184/TSK,日本健康F,"E06748 /
G12956",日本健康社会応援ファンド,https://disclosure.edinet-fsa.go.jp/E01EW/download?uji.verb=W0EZA104CXP001003Action&uji.bean=ee.bean.parent.EECommonSearchBean&PID=W1E63011&SESSIONKEY=1550339753398&lgKbn=2&pkbn=0&skbn=1&dskb=&askb=&dflg=0&iflg=0&preId=1&mul=%E6%97%A5%E6%9C%AC%E5%81%A5%E5%BA%B7%E7%A4%BE%E4%BC%9A%E5%BF%9C%E6%8F%B4%E3%83%95%E3%82%A1%E3%83%B3%E3%83%89&fls=on&cal=1&era=H&yer=&mon=&pfs=5&row=100&idx=0&str=&kbn=1&flg=&syoruiKanriNo=&s=S100E1YF,,,,
